Transaction_ID,Date_Heure,Client_ID,Nom_Client,Ville,Type_Operation,Sens,Montant_FCFA,Solde_Avant_FCFA,Solde_Apres_FCFA,Canal,Statut
TX-100001,2026-01-01 10:42:00,CLI-1098,Mariam Sanogo,Yamoussoukro,RETRAIT_GAB,DEBIT,50500,324471,273971,GAB_DISTRIBUTEUR,VALIDE
TX-100002,2026-01-01 12:04:00,CLI-1078,Seydou Fall,Abidjan,PAIEMENT_MARCHAND,DEBIT,2000,255329,253329,MOBILE_MONEY_MTN,VALIDE
TX-100003,2026-01-01 14:08:00,CLI-1054,Sékou Camara,Saint-Louis,PAIEMENT_MARCHAND,DEBIT,44000,195149,151149,VIREMENT_UEMOA,VALIDE
TX-100004,2026-01-01 16:14:00,CLI-1114,Nafi Kouadio,Abidjan,RETRAIT_GAB,DEBIT,139000,142456,3456,AGENCE_GUICHET,VALIDE
TX-100005,2026-01-01 18:30:00,CLI-1044,Awa Touré,Ouagadougou,RETRAIT_GAB,DEBIT,79000,961768,882768,TPE_COMMERCE_QR,VALIDE
TX-100006,2026-01-01 19:35:00,CLI-1086,Cheikh Ndiaye,Bobo-Dioulasso,VIREMENT_SALAIRE,CREDIT,1725000,172648,1897648,TPE_COMMERCE_QR,VALIDE
TX-100007,2026-01-01 20:17:00,CLI-1080,Abdoulaye Ouédraogo,Niamey,DEPOT_ESPECES,CREDIT,114000,398779,512779,MOBILE_MONEY_WAVE,VALIDE
TX-100008,2026-01-01 22:58:00,CLI-1012,Mamadou Sow,Dakar,DEPOT_ESPECES,CREDIT,259000,264350,523350,AGENCE_GUICHET,VALIDE
TX-100009,2026-01-02 02:06:00,CLI-1019,Oumar Touré,Bamako,PAIEMENT_MARCHAND,DEBIT,27000,217335,190335,TPE_COMMERCE_QR,VALIDE
TX-100010,2026-01-02 02:48:00,CLI-1099,Adama Touré,Cotonou,PAIEMENT_MARCHAND,DEBIT,33500,1008869,975369,TPE_COMMERCE_QR,VALIDE
TX-100011,2026-01-02 06:39:00,CLI-1002,Mariam Ouédraogo,Ouagadougou,PAIEMENT_FACTURE_EAU_ELEC,DEBIT,55000,518106,463106,MOBILE_MONEY_WAVE,VALIDE
TX-100012,2026-01-02 09:42:00,CLI-1109,Fanta Coulibaly,Ouagadougou,DEPOT_ESPECES,CREDIT,431500,1210194,1641694,GAB_DISTRIBUTEUR,VALIDE
TX-100013,2026-01-02 13:41:00,CLI-1119,Salif Koné,Bobo-Dioulasso,VIREMENT_SALAIRE,CREDIT,672500,824302,1496802,AGENCE_GUICHET,VALIDE
TX-100014,2026-01-02 16:36:00,CLI-1032,Jean-Baptiste Sylla,Ouagadougou,PAIEMENT_MARCHAND,DEBIT,62500,1012282,949782,GAB_DISTRIBUTEUR,VALIDE
TX-100015,2026-01-02 19:17:00,CLI-1144,Sékou Sangaré,Bamako,RETRAIT_GAB,DEBIT,121000,1456409,1335409,AGENCE_GUICHET,VALIDE
TX-100016,2026-01-02 21:16:00,CLI-1130,Tidiane Koné,Bamako,PAIEMENT_MARCHAND,DEBIT,73500,1037108,963608,MOBILE_MONEY_ORANGE,VALIDE
TX-100017,2026-01-03 00:56:00,CLI-1122,Fanta Ba,Yamoussoukro,PAIEMENT_MARCHAND,DEBIT,34000,490562,456562,TPE_COMMERCE_QR,VALIDE
TX-100018,2026-01-03 03:05:00,CLI-1071,Nafi Ba,Niamey,TRANSFERT_P2P,DEBIT,69000,938308,869308,TPE_COMMERCE_QR,VALIDE
TX-100019,2026-01-03 06:12:00,CLI-1062,Kouassi Sow,Bobo-Dioulasso,DEPOT_ESPECES,CREDIT,50500,94112,144612,MOBILE_MONEY_MTN,VALIDE
TX-100020,2026-01-03 10:05:00,CLI-1061,Seydou Coulibaly,Bamako,DEPOT_ESPECES,CREDIT,177500,569895,747395,GAB_DISTRIBUTEUR,VALIDE
TX-100021,2026-01-03 11:48:00,CLI-1021,Seydou Sylla,Ouagadougou,DEPOT_ESPECES,CREDIT,131000,815108,946108,TPE_COMMERCE_QR,VALIDE
TX-100022,2026-01-03 13:39:00,CLI-1040,Jean-Baptiste Barry,Saint-Louis,TRANSFERT_P2P,DEBIT,9400,1031571,1022171,VIREMENT_UEMOA,VALIDE
TX-100023,2026-01-03 13:59:00,CLI-1085,Djeneba Camara,Bamako,PAIEMENT_MARCHAND,DEBIT,56000,374632,318632,MOBILE_MONEY_ORANGE,VALIDE
TX-100024,2026-01-03 17:43:00,CLI-1108,Awa Diop,Dakar,PAIEMENT_MARCHAND,DEBIT,4500,604625,600125,AGENCE_GUICHET,VALIDE
TX-100025,2026-01-03 19:18:00,CLI-1148,Cheikh Kane,Cotonou,PAIEMENT_MARCHAND,DEBIT,2700,906462,903762,MOBILE_MONEY_MTN,VALIDE
TX-100026,2026-01-03 21:40:00,CLI-1100,Abdoulaye Diallo,Bouaké,TRANSFERT_P2P,DEBIT,55500,69535,14035,TPE_COMMERCE_QR,VALIDE
TX-100027,2026-01-03 23:49:00,CLI-1140,Khadija Soro,Niamey,TRANSFERT_P2P,DEBIT,29500,292526,263026,MOBILE_MONEY_ORANGE,VALIDE
TX-100028,2026-01-04 01:33:00,CLI-1070,Mamadou Coulibaly,Yamoussoukro,PAIEMENT_MARCHAND,DEBIT,5800,253278,247478,MOBILE_MONEY_MTN,VALIDE
TX-100029,2026-01-04 05:33:00,CLI-1104,Aïssatou Touré,Bouaké,TRANSFERT_P2P,DEBIT,62000,380819,318819,MOBILE_MONEY_ORANGE,VALIDE
TX-100030,2026-01-04 08:09:00,CLI-1137,Awa Kouadio,Bobo-Dioulasso,VIREMENT_SALAIRE,CREDIT,976000,424483,1400483,GAB_DISTRIBUTEUR,VALIDE
TX-100031,2026-01-04 08:48:00,CLI-1007,Amadou Fall,San-Pédro,VIREMENT_SALAIRE,CREDIT,1048500,466992,1515492,AGENCE_GUICHET,VALIDE
TX-100032,2026-01-04 10:30:00,CLI-1119,Salif Koné,Bobo-Dioulasso,DEPOT_ESPECES,CREDIT,146000,1496802,1642802,MOBILE_MONEY_MTN,VALIDE
TX-100033,2026-01-04 13:49:00,CLI-1055,Hawa Diop,Yamoussoukro,PAIEMENT_MARCHAND,DEBIT,46000,319256,273256,VIREMENT_UEMOA,VALIDE
TX-100034,2026-01-04 14:58:00,CLI-1072,Seydou Sangaré,Yamoussoukro,TRANSFERT_P2P,DEBIT,56000,163605,107605,AGENCE_GUICHET,VALIDE
TX-100035,2026-01-04 15:16:00,CLI-1021,Seydou Sylla,Ouagadougou,PAIEMENT_MARCHAND,DEBIT,72500,946108,873608,MOBILE_MONEY_MTN,VALIDE
TX-100036,2026-01-04 15:31:00,CLI-1058,Abdoulaye Fall,Bamako,RETRAIT_GAB,DEBIT,175500,1496757,1321257,AGENCE_GUICHET,VALIDE
TX-100037,2026-01-04 19:10:00,CLI-1008,Adama Gueye,Niamey,PAIEMENT_FACTURE_EAU_ELEC,DEBIT,18000,1192825,1174825,MOBILE_MONEY_WAVE,VALIDE
TX-100038,2026-01-04 22:06:00,CLI-1040,Jean-Baptiste Barry,Saint-Louis,DEPOT_ESPECES,CREDIT,258000,1022171,1280171,MOBILE_MONEY_WAVE,VALIDE
TX-100039,2026-01-05 01:10:00,CLI-1145,Aïssatou Bamba,Yamoussoukro,PAIEMENT_FACTURE_EAU_ELEC,DEBIT,35000,196745,161745,MOBILE_MONEY_MTN,VALIDE
TX-100040,2026-01-05 04:26:00,CLI-1095,Nafi Kane,Bobo-Dioulasso,DEPOT_ESPECES,CREDIT,328000,1274049,1602049,TPE_COMMERCE_QR,VALIDE
TX-100041,2026-01-05 05:50:00,CLI-1030,Kouassi Ndiaye,San-Pédro,TRANSFERT_P2P,DEBIT,22000,1239462,1217462,MOBILE_MONEY_WAVE,VALIDE
TX-100042,2026-01-05 08:22:00,CLI-1149,Jean-Baptiste Gueye,Saint-Louis,VIREMENT_SALAIRE,CREDIT,804000,670033,1474033,TPE_COMMERCE_QR,VALIDE
TX-100043,2026-01-05 08:46:00,CLI-1097,Moussa Gueye,Bamako,PAIEMENT_MARCHAND,DEBIT,27500,708891,681391,GAB_DISTRIBUTEUR,VALIDE
TX-100044,2026-01-05 10:08:00,CLI-1063,Salif Ouédraogo,Bamako,VIREMENT_SALAIRE,CREDIT,1770000,1284048,3054048,AGENCE_GUICHET,VALIDE
TX-100045,2026-01-05 13:33:00,CLI-1031,Bakary Ndiaye,Bouaké,TRANSFERT_P2P,DEBIT,75000,1424554,1349554,MOBILE_MONEY_WAVE,VALIDE
TX-100046,2026-01-05 13:55:00,CLI-1089,Bintou Soro,Ouagadougou,PAIEMENT_MARCHAND,DEBIT,50500,1163852,1113352,GAB_DISTRIBUTEUR,VALIDE
TX-100047,2026-01-05 17:30:00,CLI-1088,Bakary Koné,Bobo-Dioulasso,VIREMENT_SALAIRE,CREDIT,1030500,155156,1185656,VIREMENT_UEMOA,VALIDE
TX-100048,2026-01-05 20:17:00,CLI-1028,Bakary Koné,Abidjan,PAIEMENT_MARCHAND,DEBIT,49000,530348,481348,AGENCE_GUICHET,VALIDE
TX-100049,2026-01-05 21:07:00,CLI-1118,Awa Diallo,Ouagadougou,TRANSFERT_P2P,DEBIT,58000,1499173,1441173,TPE_COMMERCE_QR,VALIDE
TX-100050,2026-01-05 23:49:00,CLI-1134,Mariam Diallo,Cotonou,FRAIS_TENUE_COMPTE,DEBIT,2100,635367,633267,AGENCE_GUICHET,VALIDE
TX-100051,2026-01-06 01:45:00,CLI-1138,Mariam Koné,Bobo-Dioulasso,TRANSFERT_P2P,DEBIT,61500,277336,215836,AGENCE_GUICHET,VALIDE
TX-100052,2026-01-06 05:22:00,CLI-1069,Bintou Ouédraogo,Niamey,PAIEMENT_MARCHAND,DEBIT,34000,1041896,1007896,MOBILE_MONEY_WAVE,VALIDE
TX-100053,2026-01-06 08:39:00,CLI-1072,Seydou Sangaré,Yamoussoukro,PAIEMENT_FACTURE_EAU_ELEC,DEBIT,20500,107605,87105,VIREMENT_UEMOA,VALIDE
TX-100054,2026-01-06 10:10:00,CLI-1146,Abdoulaye Sow,Cotonou,RETRAIT_GAB,DEBIT,104000,1356851,1252851,MOBILE_MONEY_WAVE,VALIDE
TX-100055,2026-01-06 12:19:00,CLI-1127,Aminata Sangaré,Niamey,TRANSFERT_P2P,DEBIT,24500,746643,722143,MOBILE_MONEY_ORANGE,VALIDE
TX-100056,2026-01-06 13:35:00,CLI-1091,Kouassi Barry,Yamoussoukro,TRANSFERT_P2P,DEBIT,45500,192524,147024,GAB_DISTRIBUTEUR,VALIDE
TX-100057,2026-01-06 14:28:00,CLI-1071,Nafi Ba,Niamey,RETRAIT_GAB,DEBIT,140000,869308,729308,MOBILE_MONEY_WAVE,VALIDE
TX-100058,2026-01-06 16:55:00,CLI-1062,Kouassi Sow,Bobo-Dioulasso,TRANSFERT_P2P,DEBIT,65000,144612,79612,AGENCE_GUICHET,VALIDE
TX-100059,2026-01-06 20:02:00,CLI-1062,Kouassi Sow,Bobo-Dioulasso,RETRAIT_GAB,DEBIT,39806,79612,39806,VIREMENT_UEMOA,VALIDE
TX-100060,2026-01-06 21:22:00,CLI-1115,Bakary Diop,Lomé,TRANSFERT_P2P,DEBIT,13000,1386123,1373123,MOBILE_MONEY_ORANGE,VALIDE
TX-100061,2026-01-07 00:16:00,CLI-1104,Aïssatou Touré,Bouaké,RETRAIT_GAB,DEBIT,85000,318819,233819,GAB_DISTRIBUTEUR,VALIDE
TX-100062,2026-01-07 01:49:00,CLI-1095,Nafi Kane,Bobo-Dioulasso,PAIEMENT_MARCHAND,DEBIT,71500,1602049,1530549,VIREMENT_UEMOA,VALIDE
TX-100063,2026-01-07 03:03:00,CLI-1141,Fanta Koffi,Lomé,PAIEMENT_MARCHAND,DEBIT,61000,448624,387624,MOBILE_MONEY_MTN,VALIDE
TX-100064,2026-01-07 03:57:00,CLI-1065,Oumar Diallo,Cotonou,DEPOT_ESPECES,CREDIT,388000,115877,503877,MOBILE_MONEY_MTN,VALIDE
TX-100065,2026-01-07 04:49:00,CLI-1031,Bakary Ndiaye,Bouaké,TRANSFERT_P2P,DEBIT,91000,1349554,1258554,MOBILE_MONEY_ORANGE,VALIDE
TX-100066,2026-01-07 07:59:00,CLI-1056,Bintou Fall,Lomé,TRANSFERT_P2P,DEBIT,37000,396296,359296,GAB_DISTRIBUTEUR,VALIDE
TX-100067,2026-01-07 11:37:00,CLI-1135,Adama Soro,Yamoussoukro,RETRAIT_GAB,DEBIT,31000,888186,857186,MOBILE_MONEY_ORANGE,VALIDE
TX-100068,2026-01-07 12:59:00,CLI-1076,Seydou Diop,Ouagadougou,DEPOT_ESPECES,CREDIT,104000,934749,1038749,MOBILE_MONEY_WAVE,VALIDE
TX-100069,2026-01-07 13:17:00,CLI-1137,Awa Kouadio,Bobo-Dioulasso,DEPOT_ESPECES,CREDIT,33500,1400483,1433983,GAB_DISTRIBUTEUR,VALIDE
TX-100070,2026-01-07 16:05:00,CLI-1075,Oumar Ndiaye,Saint-Louis,RETRAIT_GAB,DEBIT,38000,448896,410896,AGENCE_GUICHET,VALIDE
TX-100071,2026-01-07 18:36:00,CLI-1126,Boubacar Cissé,Abidjan,VIREMENT_SALAIRE,CREDIT,175500,914644,1090144,MOBILE_MONEY_MTN,VALIDE
TX-100072,2026-01-07 19:28:00,CLI-1121,Fatou Touré,Abidjan,PAIEMENT_MARCHAND,DEBIT,46500,814729,768229,MOBILE_MONEY_WAVE,VALIDE
TX-100073,2026-01-07 20:02:00,CLI-1065,Oumar Diallo,Cotonou,PAIEMENT_FACTURE_EAU_ELEC,DEBIT,36000,503877,467877,AGENCE_GUICHET,VALIDE
TX-100074,2026-01-07 22:34:00,CLI-1017,Khadija Ba,Bamako,PAIEMENT_MARCHAND,DEBIT,11500,1260795,1249295,TPE_COMMERCE_QR,VALIDE
TX-100075,2026-01-08 01:03:00,CLI-1014,Khadija Kouadio,San-Pédro,DEPOT_ESPECES,CREDIT,435000,141122,576122,MOBILE_MONEY_MTN,VALIDE
TX-100076,2026-01-08 03:30:00,CLI-1022,Aïssatou Ba,Yamoussoukro,FRAIS_TENUE_COMPTE,DEBIT,1400,489368,487968,AGENCE_GUICHET,VALIDE
TX-100077,2026-01-08 04:32:00,CLI-1107,Moussa Fall,Yamoussoukro,RETRAIT_GAB,DEBIT,167000,677842,510842,AGENCE_GUICHET,VALIDE
TX-100078,2026-01-08 05:53:00,CLI-1134,Mariam Diallo,Cotonou,PAIEMENT_MARCHAND,DEBIT,60000,633267,573267,AGENCE_GUICHET,VALIDE
TX-100079,2026-01-08 08:34:00,CLI-1110,Mariam Touré,Bamako,PAIEMENT_MARCHAND,DEBIT,9800,1318420,1308620,TPE_COMMERCE_QR,VALIDE
TX-100080,2026-01-08 11:19:00,CLI-1026,Seydou Sanogo,Yamoussoukro,PAIEMENT_FACTURE_EAU_ELEC,DEBIT,18500,616121,597621,MOBILE_MONEY_ORANGE,VALIDE
TX-100081,2026-01-08 12:25:00,CLI-1068,Ibrahim Sangaré,Bobo-Dioulasso,RETRAIT_GAB,DEBIT,46000,1247564,1201564,MOBILE_MONEY_ORANGE,VALIDE
TX-100082,2026-01-08 14:14:00,CLI-1142,Fatou Gueye,Abidjan,VIREMENT_SALAIRE,CREDIT,155500,964478,1119978,VIREMENT_UEMOA,VALIDE
TX-100083,2026-01-08 15:32:00,CLI-1121,Fatou Touré,Abidjan,DEPOT_ESPECES,CREDIT,131000,768229,899229,TPE_COMMERCE_QR,VALIDE
TX-100084,2026-01-08 15:55:00,CLI-1073,Adama Sylla,Abidjan,TRANSFERT_P2P,DEBIT,60500,256397,195897,TPE_COMMERCE_QR,VALIDE
TX-100085,2026-01-08 19:22:00,CLI-1060,Adama Ba,Saint-Louis,PAIEMENT_FACTURE_EAU_ELEC,DEBIT,56500,968762,912262,TPE_COMMERCE_QR,VALIDE
TX-100086,2026-01-08 20:24:00,CLI-1051,Bintou Traoré,Cotonou,PAIEMENT_MARCHAND,DEBIT,73000,284603,211603,TPE_COMMERCE_QR,VALIDE
TX-100087,2026-01-08 21:05:00,CLI-1039,Nafi Barry,Niamey,PAIEMENT_FACTURE_EAU_ELEC,DEBIT,59000,183227,124227,MOBILE_MONEY_WAVE,VALIDE
TX-100088,2026-01-08 23:42:00,CLI-1016,Kouassi Fall,Yamoussoukro,DEPOT_ESPECES,CREDIT,171000,664839,835839,TPE_COMMERCE_QR,VALIDE
TX-100089,2026-01-09 00:18:00,CLI-1146,Abdoulaye Sow,Cotonou,PAIEMENT_FACTURE_EAU_ELEC,DEBIT,33500,1252851,1219351,VIREMENT_UEMOA,VALIDE
TX-100090,2026-01-09 02:31:00,CLI-1078,Seydou Fall,Abidjan,RETRAIT_GAB,DEBIT,76000,253329,177329,GAB_DISTRIBUTEUR,VALIDE
TX-100091,2026-01-09 06:23:00,CLI-1127,Aminata Sangaré,Niamey,PAIEMENT_MARCHAND,DEBIT,7200,722143,714943,VIREMENT_UEMOA,VALIDE
TX-100092,2026-01-09 06:51:00,CLI-1083,Amadou Sanogo,Bouaké,RETRAIT_GAB,DEBIT,11500,606171,594671,MOBILE_MONEY_ORANGE,VALIDE
TX-100093,2026-01-09 10:11:00,CLI-1148,Cheikh Kane,Cotonou,RETRAIT_GAB,DEBIT,10000,903762,893762,TPE_COMMERCE_QR,VALIDE
TX-100094,2026-01-09 12:16:00,CLI-1069,Bintou Ouédraogo,Niamey,RETRAIT_GAB,DEBIT,50500,1007896,957396,GAB_DISTRIBUTEUR,VALIDE
TX-100095,2026-01-09 14:50:00,CLI-1114,Nafi Kouadio,Abidjan,PAIEMENT_FACTURE_EAU_ELEC,DEBIT,1728,3456,1728,VIREMENT_UEMOA,VALIDE
TX-100096,2026-01-09 16:24:00,CLI-1126,Boubacar Cissé,Abidjan,FRAIS_TENUE_COMPTE,DEBIT,2900,1090144,1087244,VIREMENT_UEMOA,VALIDE
TX-100097,2026-01-09 20:08:00,CLI-1086,Cheikh Ndiaye,Bobo-Dioulasso,PAIEMENT_MARCHAND,DEBIT,15500,1897648,1882148,MOBILE_MONEY_ORANGE,VALIDE
TX-100098,2026-01-09 21:26:00,CLI-1085,Djeneba Camara,Bamako,PAIEMENT_MARCHAND,DEBIT,66500,318632,252132,TPE_COMMERCE_QR,VALIDE
TX-100099,2026-01-09 21:40:00,CLI-1103,Ibrahim Ba,Bamako,TRANSFERT_P2P,DEBIT,73000,194265,121265,VIREMENT_UEMOA,VALIDE
TX-100100,2026-01-09 22:14:00,CLI-1023,Mariam Gueye,Yamoussoukro,PAIEMENT_MARCHAND,DEBIT,44000,1483503,1439503,AGENCE_GUICHET,VALIDE
TX-100101,2026-01-10 01:07:00,CLI-1104,Aïssatou Touré,Bouaké,TRANSFERT_P2P,DEBIT,1100,233819,232719,AGENCE_GUICHET,VALIDE
TX-100102,2026-01-10 02:00:00,CLI-1139,Nafi Ba,Niamey,PAIEMENT_MARCHAND,DEBIT,9100,707829,698729,GAB_DISTRIBUTEUR,VALIDE
TX-100103,2026-01-10 04:45:00,CLI-1093,Fanta Koffi,Bobo-Dioulasso,RETRAIT_GAB,DEBIT,135500,566351,430851,VIREMENT_UEMOA,VALIDE
TX-100104,2026-01-10 05:23:00,CLI-1014,Khadija Kouadio,San-Pédro,DEPOT_ESPECES,CREDIT,297500,576122,873622,MOBILE_MONEY_MTN,VALIDE
TX-100105,2026-01-10 05:59:00,CLI-1113,Mariam Koné,Yamoussoukro,PAIEMENT_FACTURE_EAU_ELEC,DEBIT,36500,243563,207063,MOBILE_MONEY_WAVE,VALIDE
TX-100106,2026-01-10 08:25:00,CLI-1062,Kouassi Sow,Bobo-Dioulasso,TRANSFERT_P2P,DEBIT,19903,39806,19903,MOBILE_MONEY_WAVE,VALIDE
TX-100107,2026-01-10 12:05:00,CLI-1142,Fatou Gueye,Abidjan,PAIEMENT_MARCHAND,DEBIT,31000,1119978,1088978,MOBILE_MONEY_WAVE,VALIDE
TX-100108,2026-01-10 15:43:00,CLI-1119,Salif Koné,Bobo-Dioulasso,PAIEMENT_FACTURE_EAU_ELEC,DEBIT,47000,1642802,1595802,MOBILE_MONEY_ORANGE,VALIDE
TX-100109,2026-01-10 17:58:00,CLI-1128,Boubacar Kane,Lomé,PAIEMENT_FACTURE_EAU_ELEC,DEBIT,24000,570444,546444,TPE_COMMERCE_QR,VALIDE
TX-100110,2026-01-10 20:03:00,CLI-1070,Mamadou Coulibaly,Yamoussoukro,PAIEMENT_MARCHAND,DEBIT,65000,247478,182478,MOBILE_MONEY_ORANGE,VALIDE
TX-100111,2026-01-10 20:56:00,CLI-1117,Djeneba Bamba,Abidjan,RETRAIT_GAB,DEBIT,105500,1226306,1120806,GAB_DISTRIBUTEUR,VALIDE
TX-100112,2026-01-11 00:42:00,CLI-1131,Mamadou Fofana,Lomé,TRANSFERT_P2P,DEBIT,18500,783286,764786,MOBILE_MONEY_WAVE,VALIDE
TX-100113,2026-01-11 02:14:00,CLI-1071,Nafi Ba,Niamey,TRANSFERT_P2P,DEBIT,55000,729308,674308,AGENCE_GUICHET,VALIDE
TX-100114,2026-01-11 03:31:00,CLI-1130,Tidiane Koné,Bamako,DEPOT_ESPECES,CREDIT,11000,963608,974608,TPE_COMMERCE_QR,VALIDE
TX-100115,2026-01-11 06:24:00,CLI-1077,Mariam Fofana,Dakar,TRANSFERT_P2P,DEBIT,77000,573882,496882,VIREMENT_UEMOA,VALIDE
TX-100116,2026-01-11 07:57:00,CLI-1039,Nafi Barry,Niamey,PAIEMENT_MARCHAND,DEBIT,65000,124227,59227,MOBILE_MONEY_MTN,VALIDE
TX-100117,2026-01-11 09:58:00,CLI-1142,Fatou Gueye,Abidjan,TRANSFERT_P2P,DEBIT,50000,1088978,1038978,MOBILE_MONEY_MTN,VALIDE
TX-100118,2026-01-11 12:29:00,CLI-1049,Aïssatou Cissé,Saint-Louis,FRAIS_TENUE_COMPTE,DEBIT,1900,1181159,1179259,VIREMENT_UEMOA,VALIDE
TX-100119,2026-01-11 12:45:00,CLI-1060,Adama Ba,Saint-Louis,TRANSFERT_P2P,DEBIT,54500,912262,857762,MOBILE_MONEY_MTN,VALIDE
TX-100120,2026-01-11 14:28:00,CLI-1122,Fanta Ba,Yamoussoukro,TRANSFERT_P2P,DEBIT,50500,456562,406062,TPE_COMMERCE_QR,VALIDE
TX-100121,2026-01-11 15:05:00,CLI-1039,Nafi Barry,Niamey,PAIEMENT_MARCHAND,DEBIT,6800,59227,52427,GAB_DISTRIBUTEUR,VALIDE
TX-100122,2026-01-11 15:35:00,CLI-1085,Djeneba Camara,Bamako,TRANSFERT_P2P,DEBIT,58500,252132,193632,GAB_DISTRIBUTEUR,VALIDE
TX-100123,2026-01-11 17:24:00,CLI-1117,Djeneba Bamba,Abidjan,VIREMENT_SALAIRE,CREDIT,452000,1120806,1572806,AGENCE_GUICHET,VALIDE
TX-100124,2026-01-11 18:36:00,CLI-1040,Jean-Baptiste Barry,Saint-Louis,VIREMENT_SALAIRE,CREDIT,1788500,1280171,3068671,MOBILE_MONEY_MTN,VALIDE
TX-100125,2026-01-11 22:19:00,CLI-1102,Salif Ndiaye,Lomé,RETRAIT_GAB,DEBIT,91000,1110917,1019917,TPE_COMMERCE_QR,VALIDE
TX-100126,2026-01-12 01:04:00,CLI-1137,Awa Kouadio,Bobo-Dioulasso,PAIEMENT_MARCHAND,DEBIT,43500,1433983,1390483,TPE_COMMERCE_QR,VALIDE
TX-100127,2026-01-12 03:47:00,CLI-1125,Sékou Diop,Ouagadougou,TRANSFERT_P2P,DEBIT,5700,546474,540774,MOBILE_MONEY_WAVE,VALIDE
TX-100128,2026-01-12 04:50:00,CLI-1061,Seydou Coulibaly,Bamako,RETRAIT_GAB,DEBIT,80000,747395,667395,TPE_COMMERCE_QR,VALIDE
TX-100129,2026-01-12 08:09:00,CLI-1024,Kouassi Barry,Ouagadougou,PAIEMENT_MARCHAND,DEBIT,14500,1381645,1367145,TPE_COMMERCE_QR,VALIDE
TX-100130,2026-01-12 12:05:00,CLI-1026,Seydou Sanogo,Yamoussoukro,PAIEMENT_MARCHAND,DEBIT,41000,597621,556621,MOBILE_MONEY_WAVE,VALIDE
TX-100131,2026-01-12 13:25:00,CLI-1012,Mamadou Sow,Dakar,PAIEMENT_MARCHAND,DEBIT,9300,523350,514050,MOBILE_MONEY_MTN,VALIDE
TX-100132,2026-01-12 15:45:00,CLI-1096,Yao Sow,Bamako,PAIEMENT_MARCHAND,DEBIT,34000,596865,562865,VIREMENT_UEMOA,VALIDE
TX-100133,2026-01-12 16:33:00,CLI-1145,Aïssatou Bamba,Yamoussoukro,RETRAIT_GAB,DEBIT,52000,161745,109745,MOBILE_MONEY_ORANGE,VALIDE
TX-100134,2026-01-12 19:16:00,CLI-1021,Seydou Sylla,Ouagadougou,RETRAIT_GAB,DEBIT,105000,873608,768608,TPE_COMMERCE_QR,VALIDE
TX-100135,2026-01-12 20:20:00,CLI-1062,Kouassi Sow,Bobo-Dioulasso,PAIEMENT_MARCHAND,DEBIT,9951,19903,9952,VIREMENT_UEMOA,VALIDE
TX-100136,2026-01-13 00:15:00,CLI-1066,Kouassi Soro,Lomé,PAIEMENT_MARCHAND,DEBIT,3200,549131,545931,AGENCE_GUICHET,VALIDE
TX-100137,2026-01-13 02:39:00,CLI-1120,Salif Diop,Ouagadougou,PAIEMENT_FACTURE_EAU_ELEC,DEBIT,49000,951328,902328,MOBILE_MONEY_ORANGE,VALIDE
TX-100138,2026-01-13 05:14:00,CLI-1019,Oumar Touré,Bamako,PAIEMENT_MARCHAND,DEBIT,47000,190335,143335,MOBILE_MONEY_MTN,VALIDE
TX-100139,2026-01-13 08:55:00,CLI-1109,Fanta Coulibaly,Ouagadougou,RETRAIT_GAB,DEBIT,124500,1641694,1517194,MOBILE_MONEY_MTN,VALIDE
TX-100140,2026-01-13 09:27:00,CLI-1051,Bintou Traoré,Cotonou,FRAIS_TENUE_COMPTE,DEBIT,2900,211603,208703,MOBILE_MONEY_ORANGE,VALIDE
TX-100141,2026-01-13 10:47:00,CLI-1098,Mariam Sanogo,Yamoussoukro,RETRAIT_GAB,DEBIT,155500,273971,118471,TPE_COMMERCE_QR,VALIDE
TX-100142,2026-01-13 12:33:00,CLI-1076,Seydou Diop,Ouagadougou,VIREMENT_SALAIRE,CREDIT,1530000,1038749,2568749,MOBILE_MONEY_MTN,VALIDE
TX-100143,2026-01-13 15:57:00,CLI-1003,Sékou Coulibaly,San-Pédro,RETRAIT_GAB,DEBIT,184500,1469141,1284641,TPE_COMMERCE_QR,VALIDE
TX-100144,2026-01-13 18:09:00,CLI-1013,Jean-Baptiste Coulibaly,Cotonou,PAIEMENT_FACTURE_EAU_ELEC,DEBIT,53500,802834,749334,AGENCE_GUICHET,VALIDE
TX-100145,2026-01-13 20:49:00,CLI-1074,Jean-Baptiste Sangaré,Dakar,TRANSFERT_P2P,DEBIT,31000,761569,730569,AGENCE_GUICHET,VALIDE
TX-100146,2026-01-13 23:32:00,CLI-1091,Kouassi Barry,Yamoussoukro,DEPOT_ESPECES,CREDIT,109500,147024,256524,MOBILE_MONEY_MTN,VALIDE
TX-100147,2026-01-14 02:22:00,CLI-1036,Aïssatou Ouédraogo,Saint-Louis,RETRAIT_GAB,DEBIT,169000,340102,171102,MOBILE_MONEY_WAVE,VALIDE
TX-100148,2026-01-14 04:55:00,CLI-1080,Abdoulaye Ouédraogo,Niamey,TRANSFERT_P2P,DEBIT,5300,512779,507479,MOBILE_MONEY_MTN,VALIDE
TX-100149,2026-01-14 06:23:00,CLI-1034,Salif Fall,San-Pédro,VIREMENT_SALAIRE,CREDIT,768500,601009,1369509,TPE_COMMERCE_QR,VALIDE
TX-100150,2026-01-14 09:49:00,CLI-1107,Moussa Fall,Yamoussoukro,DEPOT_ESPECES,CREDIT,79000,510842,589842,GAB_DISTRIBUTEUR,VALIDE
TX-100151,2026-01-14 13:26:00,CLI-1094,Khadija Koné,Dakar,PAIEMENT_MARCHAND,DEBIT,37500,1348937,1311437,MOBILE_MONEY_ORANGE,VALIDE
TX-100152,2026-01-14 16:57:00,CLI-1066,Kouassi Soro,Lomé,PAIEMENT_FACTURE_EAU_ELEC,DEBIT,36500,545931,509431,MOBILE_MONEY_MTN,VALIDE
TX-100153,2026-01-14 17:21:00,CLI-1087,Sékou Fall,San-Pédro,TRANSFERT_P2P,DEBIT,62000,177837,115837,MOBILE_MONEY_ORANGE,VALIDE
TX-100154,2026-01-14 20:18:00,CLI-1058,Abdoulaye Fall,Bamako,TRANSFERT_P2P,DEBIT,95500,1321257,1225757,VIREMENT_UEMOA,VALIDE
TX-100155,2026-01-14 20:26:00,CLI-1143,Yao Fall,San-Pédro,PAIEMENT_MARCHAND,DEBIT,53500,1490443,1436943,MOBILE_MONEY_MTN,VALIDE
TX-100156,2026-01-14 23:23:00,CLI-1138,Mariam Koné,Bobo-Dioulasso,DEPOT_ESPECES,CREDIT,203000,215836,418836,TPE_COMMERCE_QR,VALIDE
TX-100157,2026-01-15 01:03:00,CLI-1068,Ibrahim Sangaré,Bobo-Dioulasso,RETRAIT_GAB,DEBIT,172000,1201564,1029564,MOBILE_MONEY_WAVE,VALIDE
TX-100158,2026-01-15 05:02:00,CLI-1060,Adama Ba,Saint-Louis,PAIEMENT_MARCHAND,DEBIT,44500,857762,813262,GAB_DISTRIBUTEUR,VALIDE
TX-100159,2026-01-15 08:37:00,CLI-1057,Yao Barry,Bamako,RETRAIT_GAB,DEBIT,171500,937384,765884,VIREMENT_UEMOA,VALIDE
TX-100160,2026-01-15 09:17:00,CLI-1078,Seydou Fall,Abidjan,RETRAIT_GAB,DEBIT,35500,177329,141829,MOBILE_MONEY_WAVE,VALIDE
TX-100161,2026-01-15 09:51:00,CLI-1010,Boubacar Traoré,San-Pédro,PAIEMENT_MARCHAND,DEBIT,66500,384829,318329,MOBILE_MONEY_WAVE,VALIDE
TX-100162,2026-01-15 11:35:00,CLI-1061,Seydou Coulibaly,Bamako,PAIEMENT_FACTURE_EAU_ELEC,DEBIT,13500,667395,653895,VIREMENT_UEMOA,VALIDE
TX-100163,2026-01-15 14:38:00,CLI-1095,Nafi Kane,Bobo-Dioulasso,RETRAIT_GAB,DEBIT,199500,1530549,1331049,GAB_DISTRIBUTEUR,VALIDE
TX-100164,2026-01-15 15:22:00,CLI-1108,Awa Diop,Dakar,RETRAIT_GAB,DEBIT,195000,600125,405125,VIREMENT_UEMOA,VALIDE
TX-100165,2026-01-15 17:11:00,CLI-1026,Seydou Sanogo,Yamoussoukro,TRANSFERT_P2P,DEBIT,81500,556621,475121,MOBILE_MONEY_MTN,VALIDE
TX-100166,2026-01-15 19:09:00,CLI-1009,Oumar Fofana,Lomé,RETRAIT_GAB,DEBIT,61500,1285779,1224279,VIREMENT_UEMOA,VALIDE
TX-100167,2026-01-15 22:09:00,CLI-1061,Seydou Coulibaly,Bamako,TRANSFERT_P2P,DEBIT,14000,653895,639895,MOBILE_MONEY_MTN,VALIDE
TX-100168,2026-01-15 23:45:00,CLI-1140,Khadija Soro,Niamey,PAIEMENT_FACTURE_EAU_ELEC,DEBIT,47000,263026,216026,MOBILE_MONEY_WAVE,VALIDE
TX-100169,2026-01-16 03:27:00,CLI-1102,Salif Ndiaye,Lomé,DEPOT_ESPECES,CREDIT,74000,1019917,1093917,AGENCE_GUICHET,VALIDE
TX-100170,2026-01-16 06:16:00,CLI-1117,Djeneba Bamba,Abidjan,VIREMENT_SALAIRE,CREDIT,594500,1572806,2167306,TPE_COMMERCE_QR,VALIDE
TX-100171,2026-01-16 07:23:00,CLI-1006,Mamadou Ouédraogo,Bobo-Dioulasso,VIREMENT_SALAIRE,CREDIT,849000,1109806,1958806,MOBILE_MONEY_ORANGE,VALIDE
TX-100172,2026-01-16 10:43:00,CLI-1145,Aïssatou Bamba,Yamoussoukro,DEPOT_ESPECES,CREDIT,445000,109745,554745,GAB_DISTRIBUTEUR,VALIDE
TX-100173,2026-01-16 12:12:00,CLI-1054,Sékou Camara,Saint-Louis,RETRAIT_GAB,DEBIT,66000,151149,85149,AGENCE_GUICHET,VALIDE
TX-100174,2026-01-16 12:17:00,CLI-1038,Ibrahim Sylla,Yamoussoukro,TRANSFERT_P2P,DEBIT,79000,385506,306506,MOBILE_MONEY_MTN,VALIDE
TX-100175,2026-01-16 13:26:00,CLI-1038,Ibrahim Sylla,Yamoussoukro,FRAIS_TENUE_COMPTE,DEBIT,3200,306506,303306,AGENCE_GUICHET,VALIDE
TX-100176,2026-01-16 14:04:00,CLI-1045,Seydou Traoré,Saint-Louis,VIREMENT_SALAIRE,CREDIT,204000,602366,806366,MOBILE_MONEY_WAVE,VALIDE
TX-100177,2026-01-16 16:39:00,CLI-1092,Tidiane Ouédraogo,Dakar,TRANSFERT_P2P,DEBIT,32000,896778,864778,MOBILE_MONEY_MTN,VALIDE
TX-100178,2026-01-16 17:16:00,CLI-1005,Nafi Koné,Dakar,DEPOT_ESPECES,CREDIT,37000,112489,149489,TPE_COMMERCE_QR,VALIDE
TX-100179,2026-01-16 19:22:00,CLI-1108,Awa Diop,Dakar,PAIEMENT_MARCHAND,DEBIT,10000,405125,395125,VIREMENT_UEMOA,VALIDE
TX-100180,2026-01-16 21:22:00,CLI-1093,Fanta Koffi,Bobo-Dioulasso,PAIEMENT_MARCHAND,DEBIT,16000,430851,414851,GAB_DISTRIBUTEUR,VALIDE
TX-100181,2026-01-17 00:33:00,CLI-1057,Yao Barry,Bamako,PAIEMENT_FACTURE_EAU_ELEC,DEBIT,7800,765884,758084,AGENCE_GUICHET,VALIDE
TX-100182,2026-01-17 00:53:00,CLI-1134,Mariam Diallo,Cotonou,PAIEMENT_MARCHAND,DEBIT,6000,573267,567267,VIREMENT_UEMOA,VALIDE
TX-100183,2026-01-17 03:03:00,CLI-1103,Ibrahim Ba,Bamako,PAIEMENT_MARCHAND,DEBIT,16000,121265,105265,TPE_COMMERCE_QR,VALIDE
TX-100184,2026-01-17 04:30:00,CLI-1114,Nafi Kouadio,Abidjan,VIREMENT_SALAIRE,CREDIT,319000,1728,320728,GAB_DISTRIBUTEUR,VALIDE
TX-100185,2026-01-17 07:14:00,CLI-1038,Ibrahim Sylla,Yamoussoukro,VIREMENT_SALAIRE,CREDIT,726500,303306,1029806,TPE_COMMERCE_QR,VALIDE
TX-100186,2026-01-17 08:56:00,CLI-1150,Ibrahim Ndiaye,Yamoussoukro,PAIEMENT_MARCHAND,DEBIT,44500,931739,887239,GAB_DISTRIBUTEUR,VALIDE
TX-100187,2026-01-17 11:35:00,CLI-1136,Clarisse Fall,Abidjan,DEPOT_ESPECES,CREDIT,275000,744471,1019471,VIREMENT_UEMOA,VALIDE
TX-100188,2026-01-17 15:18:00,CLI-1026,Seydou Sanogo,Yamoussoukro,TRANSFERT_P2P,DEBIT,15500,475121,459621,TPE_COMMERCE_QR,VALIDE
TX-100189,2026-01-17 17:13:00,CLI-1142,Fatou Gueye,Abidjan,TRANSFERT_P2P,DEBIT,29000,1038978,1009978,VIREMENT_UEMOA,VALIDE
TX-100190,2026-01-17 19:00:00,CLI-1059,Djeneba Touré,Yamoussoukro,PAIEMENT_MARCHAND,DEBIT,61000,886747,825747,VIREMENT_UEMOA,VALIDE
TX-100191,2026-01-17 21:55:00,CLI-1025,Salif Sangaré,Ouagadougou,PAIEMENT_MARCHAND,DEBIT,42500,563405,520905,MOBILE_MONEY_MTN,VALIDE
TX-100192,2026-01-18 00:01:00,CLI-1096,Yao Sow,Bamako,PAIEMENT_FACTURE_EAU_ELEC,DEBIT,50000,562865,512865,MOBILE_MONEY_WAVE,VALIDE
TX-100193,2026-01-18 01:56:00,CLI-1024,Kouassi Barry,Ouagadougou,TRANSFERT_P2P,DEBIT,13000,1367145,1354145,MOBILE_MONEY_WAVE,VALIDE
TX-100194,2026-01-18 02:16:00,CLI-1096,Yao Sow,Bamako,TRANSFERT_P2P,DEBIT,73500,512865,439365,GAB_DISTRIBUTEUR,VALIDE
TX-100195,2026-01-18 02:52:00,CLI-1144,Sékou Sangaré,Bamako,RETRAIT_GAB,DEBIT,180500,1335409,1154909,VIREMENT_UEMOA,VALIDE
TX-100196,2026-01-18 04:45:00,CLI-1091,Kouassi Barry,Yamoussoukro,TRANSFERT_P2P,DEBIT,99000,256524,157524,AGENCE_GUICHET,VALIDE
TX-100197,2026-01-18 06:09:00,CLI-1014,Khadija Kouadio,San-Pédro,FRAIS_TENUE_COMPTE,DEBIT,3400,873622,870222,MOBILE_MONEY_MTN,VALIDE
TX-100198,2026-01-18 06:53:00,CLI-1027,Djeneba Fall,Yamoussoukro,RETRAIT_GAB,DEBIT,60500,510566,450066,TPE_COMMERCE_QR,VALIDE
TX-100199,2026-01-18 08:27:00,CLI-1124,Hawa Fall,Bobo-Dioulasso,DEPOT_ESPECES,CREDIT,66500,902235,968735,AGENCE_GUICHET,VALIDE
TX-100200,2026-01-18 10:58:00,CLI-1143,Yao Fall,San-Pédro,PAIEMENT_MARCHAND,DEBIT,38500,1436943,1398443,MOBILE_MONEY_ORANGE,VALIDE
TX-100201,2026-01-18 13:40:00,CLI-1110,Mariam Touré,Bamako,TRANSFERT_P2P,DEBIT,82000,1308620,1226620,TPE_COMMERCE_QR,VALIDE
TX-100202,2026-01-18 17:17:00,CLI-1143,Yao Fall,San-Pédro,VIREMENT_SALAIRE,CREDIT,1529500,1398443,2927943,TPE_COMMERCE_QR,VALIDE
TX-100203,2026-01-18 20:21:00,CLI-1069,Bintou Ouédraogo,Niamey,VIREMENT_SALAIRE,CREDIT,723000,957396,1680396,AGENCE_GUICHET,VALIDE
TX-100204,2026-01-18 20:27:00,CLI-1080,Abdoulaye Ouédraogo,Niamey,PAIEMENT_FACTURE_EAU_ELEC,DEBIT,28000,507479,479479,MOBILE_MONEY_ORANGE,VALIDE
TX-100205,2026-01-18 20:49:00,CLI-1037,Bintou Diallo,Dakar,RETRAIT_GAB,DEBIT,110000,148810,38810,MOBILE_MONEY_ORANGE,VALIDE
TX-100206,2026-01-18 21:49:00,CLI-1008,Adama Gueye,Niamey,VIREMENT_SALAIRE,CREDIT,1262500,1174825,2437325,VIREMENT_UEMOA,VALIDE
TX-100207,2026-01-18 23:28:00,CLI-1108,Awa Diop,Dakar,PAIEMENT_MARCHAND,DEBIT,22500,395125,372625,MOBILE_MONEY_MTN,VALIDE
TX-100208,2026-01-19 02:05:00,CLI-1084,Cheikh Bamba,Yamoussoukro,TRANSFERT_P2P,DEBIT,75000,1215530,1140530,MOBILE_MONEY_WAVE,VALIDE
TX-100209,2026-01-19 04:48:00,CLI-1014,Khadija Kouadio,San-Pédro,DEPOT_ESPECES,CREDIT,405500,870222,1275722,MOBILE_MONEY_WAVE,VALIDE
TX-100210,2026-01-19 06:41:00,CLI-1021,Seydou Sylla,Ouagadougou,DEPOT_ESPECES,CREDIT,357000,768608,1125608,VIREMENT_UEMOA,VALIDE
TX-100211,2026-01-19 09:59:00,CLI-1114,Nafi Kouadio,Abidjan,PAIEMENT_MARCHAND,DEBIT,30000,320728,290728,GAB_DISTRIBUTEUR,VALIDE
TX-100212,2026-01-19 11:16:00,CLI-1030,Kouassi Ndiaye,San-Pédro,PAIEMENT_MARCHAND,DEBIT,16500,1217462,1200962,TPE_COMMERCE_QR,VALIDE
TX-100213,2026-01-19 11:32:00,CLI-1125,Sékou Diop,Ouagadougou,PAIEMENT_MARCHAND,DEBIT,42000,540774,498774,MOBILE_MONEY_ORANGE,VALIDE
TX-100214,2026-01-19 11:38:00,CLI-1102,Salif Ndiaye,Lomé,FRAIS_TENUE_COMPTE,DEBIT,1200,1093917,1092717,MOBILE_MONEY_ORANGE,VALIDE
TX-100215,2026-01-19 12:18:00,CLI-1078,Seydou Fall,Abidjan,PAIEMENT_FACTURE_EAU_ELEC,DEBIT,55000,141829,86829,AGENCE_GUICHET,VALIDE
TX-100216,2026-01-19 12:24:00,CLI-1066,Kouassi Soro,Lomé,DEPOT_ESPECES,CREDIT,72500,509431,581931,VIREMENT_UEMOA,VALIDE
TX-100217,2026-01-19 14:45:00,CLI-1111,Djeneba Sow,Yamoussoukro,DEPOT_ESPECES,CREDIT,209000,476974,685974,TPE_COMMERCE_QR,VALIDE
TX-100218,2026-01-19 15:08:00,CLI-1059,Djeneba Touré,Yamoussoukro,PAIEMENT_MARCHAND,DEBIT,48000,825747,777747,VIREMENT_UEMOA,VALIDE
TX-100219,2026-01-19 19:08:00,CLI-1011,Nafi Sow,Ouagadougou,PAIEMENT_MARCHAND,DEBIT,62000,632738,570738,MOBILE_MONEY_WAVE,VALIDE
TX-100220,2026-01-19 20:56:00,CLI-1081,Bintou Camara,Niamey,RETRAIT_GAB,DEBIT,155000,498260,343260,TPE_COMMERCE_QR,VALIDE
TX-100221,2026-01-19 21:06:00,CLI-1107,Moussa Fall,Yamoussoukro,DEPOT_ESPECES,CREDIT,222000,589842,811842,MOBILE_MONEY_MTN,VALIDE
TX-100222,2026-01-19 23:08:00,CLI-1044,Awa Touré,Ouagadougou,TRANSFERT_P2P,DEBIT,82000,882768,800768,AGENCE_GUICHET,VALIDE
TX-100223,2026-01-20 00:15:00,CLI-1093,Fanta Koffi,Bobo-Dioulasso,VIREMENT_SALAIRE,CREDIT,372000,414851,786851,VIREMENT_UEMOA,VALIDE
TX-100224,2026-01-20 04:02:00,CLI-1103,Ibrahim Ba,Bamako,PAIEMENT_MARCHAND,DEBIT,53500,105265,51765,MOBILE_MONEY_MTN,VALIDE
TX-100225,2026-01-20 04:50:00,CLI-1087,Sékou Fall,San-Pédro,DEPOT_ESPECES,CREDIT,418000,115837,533837,MOBILE_MONEY_WAVE,VALIDE
TX-100226,2026-01-20 07:05:00,CLI-1131,Mamadou Fofana,Lomé,RETRAIT_GAB,DEBIT,144000,764786,620786,MOBILE_MONEY_ORANGE,VALIDE
TX-100227,2026-01-20 08:10:00,CLI-1090,Fatou Soro,Ouagadougou,PAIEMENT_MARCHAND,DEBIT,21000,218005,197005,MOBILE_MONEY_WAVE,VALIDE
TX-100228,2026-01-20 10:49:00,CLI-1038,Ibrahim Sylla,Yamoussoukro,DEPOT_ESPECES,CREDIT,100500,1029806,1130306,MOBILE_MONEY_ORANGE,VALIDE
TX-100229,2026-01-20 13:34:00,CLI-1020,Tidiane Coulibaly,Lomé,DEPOT_ESPECES,CREDIT,415000,847182,1262182,VIREMENT_UEMOA,VALIDE
TX-100230,2026-01-20 15:33:00,CLI-1119,Salif Koné,Bobo-Dioulasso,TRANSFERT_P2P,DEBIT,76500,1595802,1519302,TPE_COMMERCE_QR,VALIDE
TX-100231,2026-01-20 17:00:00,CLI-1145,Aïssatou Bamba,Yamoussoukro,RETRAIT_GAB,DEBIT,168500,554745,386245,AGENCE_GUICHET,VALIDE
TX-100232,2026-01-20 19:05:00,CLI-1081,Bintou Camara,Niamey,DEPOT_ESPECES,CREDIT,45500,343260,388760,VIREMENT_UEMOA,VALIDE
TX-100233,2026-01-20 19:24:00,CLI-1078,Seydou Fall,Abidjan,TRANSFERT_P2P,DEBIT,78500,86829,8329,MOBILE_MONEY_MTN,VALIDE
TX-100234,2026-01-20 21:24:00,CLI-1130,Tidiane Koné,Bamako,VIREMENT_SALAIRE,CREDIT,1118000,974608,2092608,MOBILE_MONEY_WAVE,VALIDE
TX-100235,2026-01-20 21:48:00,CLI-1015,Seydou Fall,Niamey,PAIEMENT_MARCHAND,DEBIT,39500,311779,272279,TPE_COMMERCE_QR,VALIDE
TX-100236,2026-01-20 23:31:00,CLI-1024,Kouassi Barry,Ouagadougou,RETRAIT_GAB,DEBIT,137500,1354145,1216645,VIREMENT_UEMOA,VALIDE
TX-100237,2026-01-21 03:25:00,CLI-1149,Jean-Baptiste Gueye,Saint-Louis,RETRAIT_GAB,DEBIT,198500,1474033,1275533,MOBILE_MONEY_WAVE,VALIDE
TX-100238,2026-01-21 06:16:00,CLI-1116,Aminata Sangaré,Saint-Louis,PAIEMENT_FACTURE_EAU_ELEC,DEBIT,42000,976596,934596,MOBILE_MONEY_ORANGE,VALIDE
TX-100239,2026-01-21 06:59:00,CLI-1083,Amadou Sanogo,Bouaké,RETRAIT_GAB,DEBIT,136000,594671,458671,MOBILE_MONEY_WAVE,VALIDE
TX-100240,2026-01-21 10:06:00,CLI-1116,Aminata Sangaré,Saint-Louis,VIREMENT_SALAIRE,CREDIT,870000,934596,1804596,MOBILE_MONEY_WAVE,VALIDE
TX-100241,2026-01-21 11:14:00,CLI-1130,Tidiane Koné,Bamako,RETRAIT_GAB,DEBIT,15000,2092608,2077608,TPE_COMMERCE_QR,VALIDE
TX-100242,2026-01-21 13:32:00,CLI-1113,Mariam Koné,Yamoussoukro,FRAIS_TENUE_COMPTE,DEBIT,3100,207063,203963,GAB_DISTRIBUTEUR,VALIDE
TX-100243,2026-01-21 15:16:00,CLI-1041,Mariam Fall,Yamoussoukro,PAIEMENT_MARCHAND,DEBIT,39000,74077,35077,VIREMENT_UEMOA,VALIDE
TX-100244,2026-01-21 18:43:00,CLI-1087,Sékou Fall,San-Pédro,RETRAIT_GAB,DEBIT,18500,533837,515337,TPE_COMMERCE_QR,VALIDE
TX-100245,2026-01-21 21:10:00,CLI-1086,Cheikh Ndiaye,Bobo-Dioulasso,VIREMENT_SALAIRE,CREDIT,348000,1882148,2230148,TPE_COMMERCE_QR,VALIDE
TX-100246,2026-01-22 00:53:00,CLI-1099,Adama Touré,Cotonou,DEPOT_ESPECES,CREDIT,389000,975369,1364369,TPE_COMMERCE_QR,VALIDE
TX-100247,2026-01-22 04:52:00,CLI-1039,Nafi Barry,Niamey,PAIEMENT_MARCHAND,DEBIT,20500,52427,31927,MOBILE_MONEY_MTN,VALIDE
TX-100248,2026-01-22 05:30:00,CLI-1080,Abdoulaye Ouédraogo,Niamey,FRAIS_TENUE_COMPTE,DEBIT,2600,479479,476879,GAB_DISTRIBUTEUR,VALIDE
TX-100249,2026-01-22 08:19:00,CLI-1022,Aïssatou Ba,Yamoussoukro,PAIEMENT_MARCHAND,DEBIT,51000,487968,436968,AGENCE_GUICHET,VALIDE
TX-100250,2026-01-22 11:23:00,CLI-1085,Djeneba Camara,Bamako,TRANSFERT_P2P,DEBIT,88500,193632,105132,AGENCE_GUICHET,VALIDE
TX-100251,2026-01-22 13:16:00,CLI-1135,Adama Soro,Yamoussoukro,VIREMENT_SALAIRE,CREDIT,1556000,857186,2413186,GAB_DISTRIBUTEUR,VALIDE
TX-100252,2026-01-22 14:07:00,CLI-1093,Fanta Koffi,Bobo-Dioulasso,VIREMENT_SALAIRE,CREDIT,797500,786851,1584351,MOBILE_MONEY_ORANGE,VALIDE
TX-100253,2026-01-22 15:01:00,CLI-1088,Bakary Koné,Bobo-Dioulasso,PAIEMENT_FACTURE_EAU_ELEC,DEBIT,36500,1185656,1149156,MOBILE_MONEY_ORANGE,VALIDE
TX-100254,2026-01-22 18:42:00,CLI-1036,Aïssatou Ouédraogo,Saint-Louis,DEPOT_ESPECES,CREDIT,165000,171102,336102,AGENCE_GUICHET,VALIDE
TX-100255,2026-01-22 22:20:00,CLI-1026,Seydou Sanogo,Yamoussoukro,PAIEMENT_MARCHAND,DEBIT,72500,459621,387121,TPE_COMMERCE_QR,VALIDE
TX-100256,2026-01-23 02:09:00,CLI-1135,Adama Soro,Yamoussoukro,VIREMENT_SALAIRE,CREDIT,856000,2413186,3269186,AGENCE_GUICHET,VALIDE
TX-100257,2026-01-23 02:55:00,CLI-1034,Salif Fall,San-Pédro,RETRAIT_GAB,DEBIT,45000,1369509,1324509,MOBILE_MONEY_ORANGE,VALIDE
TX-100258,2026-01-23 04:45:00,CLI-1043,Hawa Kouadio,Cotonou,TRANSFERT_P2P,DEBIT,6700,1394194,1387494,MOBILE_MONEY_MTN,VALIDE
TX-100259,2026-01-23 06:02:00,CLI-1061,Seydou Coulibaly,Bamako,FRAIS_TENUE_COMPTE,DEBIT,3500,639895,636395,AGENCE_GUICHET,VALIDE
TX-100260,2026-01-23 07:26:00,CLI-1115,Bakary Diop,Lomé,DEPOT_ESPECES,CREDIT,135000,1373123,1508123,AGENCE_GUICHET,VALIDE
TX-100261,2026-01-23 09:05:00,CLI-1121,Fatou Touré,Abidjan,PAIEMENT_FACTURE_EAU_ELEC,DEBIT,17500,899229,881729,TPE_COMMERCE_QR,VALIDE
TX-100262,2026-01-23 12:26:00,CLI-1147,Moussa Coulibaly,Saint-Louis,FRAIS_TENUE_COMPTE,DEBIT,2800,679821,677021,MOBILE_MONEY_MTN,VALIDE
TX-100263,2026-01-23 13:12:00,CLI-1098,Mariam Sanogo,Yamoussoukro,PAIEMENT_MARCHAND,DEBIT,56500,118471,61971,AGENCE_GUICHET,VALIDE
TX-100264,2026-01-23 17:00:00,CLI-1052,Fanta Touré,Abidjan,TRANSFERT_P2P,DEBIT,19000,552167,533167,MOBILE_MONEY_MTN,VALIDE
TX-100265,2026-01-23 19:26:00,CLI-1014,Khadija Kouadio,San-Pédro,RETRAIT_GAB,DEBIT,102000,1275722,1173722,MOBILE_MONEY_WAVE,VALIDE
TX-100266,2026-01-23 19:52:00,CLI-1133,Moussa Ndiaye,Cotonou,TRANSFERT_P2P,DEBIT,38000,885643,847643,AGENCE_GUICHET,VALIDE
TX-100267,2026-01-23 22:08:00,CLI-1042,Sékou Coulibaly,Saint-Louis,DEPOT_ESPECES,CREDIT,484500,1479650,1964150,MOBILE_MONEY_ORANGE,VALIDE
TX-100268,2026-01-24 01:42:00,CLI-1112,Adama Kouadio,Bouaké,VIREMENT_SALAIRE,CREDIT,615500,1109919,1725419,VIREMENT_UEMOA,VALIDE
TX-100269,2026-01-24 02:00:00,CLI-1090,Fatou Soro,Ouagadougou,PAIEMENT_FACTURE_EAU_ELEC,DEBIT,32000,197005,165005,VIREMENT_UEMOA,VALIDE
TX-100270,2026-01-24 02:25:00,CLI-1129,Aminata Gueye,Niamey,PAIEMENT_MARCHAND,DEBIT,52500,276692,224192,MOBILE_MONEY_MTN,VALIDE
TX-100271,2026-01-24 06:04:00,CLI-1058,Abdoulaye Fall,Bamako,VIREMENT_SALAIRE,CREDIT,357500,1225757,1583257,TPE_COMMERCE_QR,VALIDE
TX-100272,2026-01-24 06:18:00,CLI-1086,Cheikh Ndiaye,Bobo-Dioulasso,TRANSFERT_P2P,DEBIT,19000,2230148,2211148,MOBILE_MONEY_MTN,VALIDE
TX-100273,2026-01-24 09:37:00,CLI-1121,Fatou Touré,Abidjan,RETRAIT_GAB,DEBIT,41000,881729,840729,TPE_COMMERCE_QR,VALIDE
TX-100274,2026-01-24 13:33:00,CLI-1121,Fatou Touré,Abidjan,PAIEMENT_MARCHAND,DEBIT,2600,840729,838129,MOBILE_MONEY_WAVE,VALIDE
TX-100275,2026-01-24 14:16:00,CLI-1005,Nafi Koné,Dakar,DEPOT_ESPECES,CREDIT,447500,149489,596989,GAB_DISTRIBUTEUR,VALIDE
TX-100276,2026-01-24 15:21:00,CLI-1136,Clarisse Fall,Abidjan,PAIEMENT_MARCHAND,DEBIT,39500,1019471,979971,MOBILE_MONEY_MTN,VALIDE
TX-100277,2026-01-24 18:09:00,CLI-1032,Jean-Baptiste Sylla,Ouagadougou,VIREMENT_SALAIRE,CREDIT,1030000,949782,1979782,AGENCE_GUICHET,VALIDE
TX-100278,2026-01-24 20:46:00,CLI-1118,Awa Diallo,Ouagadougou,VIREMENT_SALAIRE,CREDIT,1198000,1441173,2639173,GAB_DISTRIBUTEUR,VALIDE
TX-100279,2026-01-24 21:52:00,CLI-1005,Nafi Koné,Dakar,RETRAIT_GAB,DEBIT,155500,596989,441489,TPE_COMMERCE_QR,VALIDE
TX-100280,2026-01-25 00:34:00,CLI-1037,Bintou Diallo,Dakar,DEPOT_ESPECES,CREDIT,10500,38810,49310,MOBILE_MONEY_MTN,VALIDE
TX-100281,2026-01-25 03:29:00,CLI-1062,Kouassi Sow,Bobo-Dioulasso,RETRAIT_GAB,DEBIT,4976,9952,4976,TPE_COMMERCE_QR,VALIDE
TX-100282,2026-01-25 03:51:00,CLI-1022,Aïssatou Ba,Yamoussoukro,PAIEMENT_MARCHAND,DEBIT,49000,436968,387968,GAB_DISTRIBUTEUR,VALIDE
TX-100283,2026-01-25 06:17:00,CLI-1140,Khadija Soro,Niamey,PAIEMENT_MARCHAND,DEBIT,68500,216026,147526,MOBILE_MONEY_WAVE,VALIDE
TX-100284,2026-01-25 09:04:00,CLI-1100,Abdoulaye Diallo,Bouaké,TRANSFERT_P2P,DEBIT,6700,14035,7335,VIREMENT_UEMOA,VALIDE
TX-100285,2026-01-25 10:40:00,CLI-1096,Yao Sow,Bamako,DEPOT_ESPECES,CREDIT,18500,439365,457865,AGENCE_GUICHET,VALIDE
TX-100286,2026-01-25 14:02:00,CLI-1018,Djeneba Diallo,Yamoussoukro,PAIEMENT_MARCHAND,DEBIT,15500,146100,130600,GAB_DISTRIBUTEUR,VALIDE
TX-100287,2026-01-25 16:26:00,CLI-1086,Cheikh Ndiaye,Bobo-Dioulasso,DEPOT_ESPECES,CREDIT,194500,2211148,2405648,MOBILE_MONEY_MTN,VALIDE
TX-100288,2026-01-25 18:29:00,CLI-1045,Seydou Traoré,Saint-Louis,TRANSFERT_P2P,DEBIT,90500,806366,715866,TPE_COMMERCE_QR,VALIDE
TX-100289,2026-01-25 18:50:00,CLI-1123,Oumar Kane,Cotonou,RETRAIT_GAB,DEBIT,40000,265573,225573,TPE_COMMERCE_QR,VALIDE
TX-100290,2026-01-25 19:06:00,CLI-1118,Awa Diallo,Ouagadougou,VIREMENT_SALAIRE,CREDIT,572500,2639173,3211673,AGENCE_GUICHET,VALIDE
TX-100291,2026-01-25 20:30:00,CLI-1052,Fanta Touré,Abidjan,PAIEMENT_FACTURE_EAU_ELEC,DEBIT,25500,533167,507667,GAB_DISTRIBUTEUR,VALIDE
TX-100292,2026-01-25 22:36:00,CLI-1102,Salif Ndiaye,Lomé,FRAIS_TENUE_COMPTE,DEBIT,3200,1092717,1089517,MOBILE_MONEY_MTN,VALIDE
TX-100293,2026-01-25 23:54:00,CLI-1010,Boubacar Traoré,San-Pédro,TRANSFERT_P2P,DEBIT,26000,318329,292329,MOBILE_MONEY_MTN,VALIDE
TX-100294,2026-01-26 01:08:00,CLI-1013,Jean-Baptiste Coulibaly,Cotonou,TRANSFERT_P2P,DEBIT,44500,749334,704834,MOBILE_MONEY_WAVE,VALIDE
TX-100295,2026-01-26 04:23:00,CLI-1095,Nafi Kane,Bobo-Dioulasso,PAIEMENT_MARCHAND,DEBIT,54000,1331049,1277049,VIREMENT_UEMOA,VALIDE
TX-100296,2026-01-26 06:35:00,CLI-1099,Adama Touré,Cotonou,PAIEMENT_MARCHAND,DEBIT,26000,1364369,1338369,TPE_COMMERCE_QR,VALIDE
TX-100297,2026-01-26 07:48:00,CLI-1128,Boubacar Kane,Lomé,PAIEMENT_MARCHAND,DEBIT,70000,546444,476444,AGENCE_GUICHET,VALIDE
TX-100298,2026-01-26 09:43:00,CLI-1022,Aïssatou Ba,Yamoussoukro,TRANSFERT_P2P,DEBIT,11000,387968,376968,GAB_DISTRIBUTEUR,VALIDE
TX-100299,2026-01-26 10:14:00,CLI-1047,Tidiane Sylla,Yamoussoukro,PAIEMENT_MARCHAND,DEBIT,44000,675884,631884,MOBILE_MONEY_WAVE,VALIDE
TX-100300,2026-01-26 12:13:00,CLI-1084,Cheikh Bamba,Yamoussoukro,RETRAIT_GAB,DEBIT,85000,1140530,1055530,GAB_DISTRIBUTEUR,VALIDE
TX-100301,2026-01-26 13:47:00,CLI-1110,Mariam Touré,Bamako,DEPOT_ESPECES,CREDIT,242500,1226620,1469120,VIREMENT_UEMOA,VALIDE
TX-100302,2026-01-26 16:29:00,CLI-1011,Nafi Sow,Ouagadougou,TRANSFERT_P2P,DEBIT,47000,570738,523738,VIREMENT_UEMOA,VALIDE
TX-100303,2026-01-26 16:53:00,CLI-1071,Nafi Ba,Niamey,RETRAIT_GAB,DEBIT,20000,674308,654308,TPE_COMMERCE_QR,VALIDE
TX-100304,2026-01-26 17:05:00,CLI-1104,Aïssatou Touré,Bouaké,PAIEMENT_MARCHAND,DEBIT,22500,232719,210219,MOBILE_MONEY_ORANGE,VALIDE
TX-100305,2026-01-26 18:10:00,CLI-1113,Mariam Koné,Yamoussoukro,VIREMENT_SALAIRE,CREDIT,290500,203963,494463,AGENCE_GUICHET,VALIDE
TX-100306,2026-01-26 20:49:00,CLI-1094,Khadija Koné,Dakar,PAIEMENT_MARCHAND,DEBIT,6200,1311437,1305237,MOBILE_MONEY_ORANGE,VALIDE
TX-100307,2026-01-26 22:47:00,CLI-1116,Aminata Sangaré,Saint-Louis,PAIEMENT_FACTURE_EAU_ELEC,DEBIT,29000,1804596,1775596,AGENCE_GUICHET,VALIDE
TX-100308,2026-01-27 00:25:00,CLI-1020,Tidiane Coulibaly,Lomé,RETRAIT_GAB,DEBIT,143500,1262182,1118682,VIREMENT_UEMOA,VALIDE
TX-100309,2026-01-27 00:59:00,CLI-1081,Bintou Camara,Niamey,RETRAIT_GAB,DEBIT,70000,388760,318760,MOBILE_MONEY_WAVE,VALIDE
TX-100310,2026-01-27 04:57:00,CLI-1048,Yao Barry,Ouagadougou,PAIEMENT_MARCHAND,DEBIT,52500,467146,414646,GAB_DISTRIBUTEUR,VALIDE
TX-100311,2026-01-27 08:02:00,CLI-1031,Bakary Ndiaye,Bouaké,DEPOT_ESPECES,CREDIT,146000,1258554,1404554,VIREMENT_UEMOA,VALIDE
TX-100312,2026-01-27 11:04:00,CLI-1055,Hawa Diop,Yamoussoukro,FRAIS_TENUE_COMPTE,DEBIT,2100,273256,271156,VIREMENT_UEMOA,VALIDE
TX-100313,2026-01-27 11:27:00,CLI-1052,Fanta Touré,Abidjan,DEPOT_ESPECES,CREDIT,457000,507667,964667,VIREMENT_UEMOA,VALIDE
TX-100314,2026-01-27 11:54:00,CLI-1045,Seydou Traoré,Saint-Louis,PAIEMENT_FACTURE_EAU_ELEC,DEBIT,34000,715866,681866,AGENCE_GUICHET,VALIDE
TX-100315,2026-01-27 12:15:00,CLI-1082,Fanta Koné,Niamey,RETRAIT_GAB,DEBIT,191000,395269,204269,GAB_DISTRIBUTEUR,VALIDE
TX-100316,2026-01-27 15:57:00,CLI-1139,Nafi Ba,Niamey,DEPOT_ESPECES,CREDIT,167000,698729,865729,MOBILE_MONEY_ORANGE,VALIDE
TX-100317,2026-01-27 16:59:00,CLI-1045,Seydou Traoré,Saint-Louis,TRANSFERT_P2P,DEBIT,67500,681866,614366,MOBILE_MONEY_WAVE,VALIDE
TX-100318,2026-01-27 20:26:00,CLI-1052,Fanta Touré,Abidjan,TRANSFERT_P2P,DEBIT,32000,964667,932667,VIREMENT_UEMOA,VALIDE
TX-100319,2026-01-27 22:30:00,CLI-1007,Amadou Fall,San-Pédro,PAIEMENT_MARCHAND,DEBIT,50000,1515492,1465492,AGENCE_GUICHET,VALIDE
TX-100320,2026-01-27 22:57:00,CLI-1142,Fatou Gueye,Abidjan,DEPOT_ESPECES,CREDIT,473500,1009978,1483478,MOBILE_MONEY_WAVE,VALIDE
TX-100321,2026-01-28 01:16:00,CLI-1080,Abdoulaye Ouédraogo,Niamey,PAIEMENT_MARCHAND,DEBIT,64500,476879,412379,VIREMENT_UEMOA,VALIDE
TX-100322,2026-01-28 01:53:00,CLI-1105,Clarisse Fall,Bobo-Dioulasso,TRANSFERT_P2P,DEBIT,10500,684424,673924,MOBILE_MONEY_MTN,VALIDE
TX-100323,2026-01-28 03:26:00,CLI-1019,Oumar Touré,Bamako,PAIEMENT_MARCHAND,DEBIT,69500,143335,73835,MOBILE_MONEY_ORANGE,VALIDE
TX-100324,2026-01-28 06:47:00,CLI-1142,Fatou Gueye,Abidjan,RETRAIT_GAB,DEBIT,52500,1483478,1430978,MOBILE_MONEY_ORANGE,VALIDE
TX-100325,2026-01-28 10:24:00,CLI-1111,Djeneba Sow,Yamoussoukro,PAIEMENT_MARCHAND,DEBIT,9200,685974,676774,MOBILE_MONEY_WAVE,VALIDE
TX-100326,2026-01-28 11:10:00,CLI-1133,Moussa Ndiaye,Cotonou,DEPOT_ESPECES,CREDIT,96000,847643,943643,MOBILE_MONEY_MTN,VALIDE
TX-100327,2026-01-28 15:04:00,CLI-1058,Abdoulaye Fall,Bamako,PAIEMENT_MARCHAND,DEBIT,70000,1583257,1513257,MOBILE_MONEY_MTN,VALIDE
TX-100328,2026-01-28 17:30:00,CLI-1021,Seydou Sylla,Ouagadougou,DEPOT_ESPECES,CREDIT,342500,1125608,1468108,MOBILE_MONEY_MTN,VALIDE
TX-100329,2026-01-28 19:51:00,CLI-1033,Mariam Diop,San-Pédro,RETRAIT_GAB,DEBIT,166000,567215,401215,MOBILE_MONEY_WAVE,VALIDE
TX-100330,2026-01-28 22:24:00,CLI-1129,Aminata Gueye,Niamey,RETRAIT_GAB,DEBIT,160000,224192,64192,MOBILE_MONEY_ORANGE,VALIDE
TX-100331,2026-01-29 02:19:00,CLI-1044,Awa Touré,Ouagadougou,RETRAIT_GAB,DEBIT,193500,800768,607268,GAB_DISTRIBUTEUR,VALIDE
TX-100332,2026-01-29 02:34:00,CLI-1087,Sékou Fall,San-Pédro,TRANSFERT_P2P,DEBIT,74500,515337,440837,AGENCE_GUICHET,VALIDE
TX-100333,2026-01-29 05:56:00,CLI-1008,Adama Gueye,Niamey,VIREMENT_SALAIRE,CREDIT,1495000,2437325,3932325,GAB_DISTRIBUTEUR,VALIDE
TX-100334,2026-01-29 07:47:00,CLI-1068,Ibrahim Sangaré,Bobo-Dioulasso,RETRAIT_GAB,DEBIT,154500,1029564,875064,GAB_DISTRIBUTEUR,VALIDE
TX-100335,2026-01-29 09:06:00,CLI-1008,Adama Gueye,Niamey,PAIEMENT_MARCHAND,DEBIT,73500,3932325,3858825,TPE_COMMERCE_QR,VALIDE
TX-100336,2026-01-29 10:27:00,CLI-1078,Seydou Fall,Abidjan,PAIEMENT_MARCHAND,DEBIT,4164,8329,4165,VIREMENT_UEMOA,VALIDE
TX-100337,2026-01-29 12:24:00,CLI-1019,Oumar Touré,Bamako,RETRAIT_GAB,DEBIT,46000,73835,27835,VIREMENT_UEMOA,VALIDE
TX-100338,2026-01-29 15:04:00,CLI-1124,Hawa Fall,Bobo-Dioulasso,PAIEMENT_MARCHAND,DEBIT,46500,968735,922235,MOBILE_MONEY_ORANGE,VALIDE
TX-100339,2026-01-29 18:16:00,CLI-1081,Bintou Camara,Niamey,TRANSFERT_P2P,DEBIT,42500,318760,276260,AGENCE_GUICHET,VALIDE
TX-100340,2026-01-29 21:35:00,CLI-1089,Bintou Soro,Ouagadougou,FRAIS_TENUE_COMPTE,DEBIT,1500,1113352,1111852,MOBILE_MONEY_MTN,VALIDE
TX-100341,2026-01-29 22:41:00,CLI-1132,Clarisse Ouédraogo,Abidjan,RETRAIT_GAB,DEBIT,88500,517504,429004,VIREMENT_UEMOA,VALIDE
TX-100342,2026-01-29 23:22:00,CLI-1032,Jean-Baptiste Sylla,Ouagadougou,DEPOT_ESPECES,CREDIT,139500,1979782,2119282,MOBILE_MONEY_WAVE,VALIDE
TX-100343,2026-01-30 03:08:00,CLI-1013,Jean-Baptiste Coulibaly,Cotonou,DEPOT_ESPECES,CREDIT,211000,704834,915834,GAB_DISTRIBUTEUR,VALIDE
TX-100344,2026-01-30 07:03:00,CLI-1108,Awa Diop,Dakar,DEPOT_ESPECES,CREDIT,463500,372625,836125,MOBILE_MONEY_ORANGE,VALIDE
TX-100345,2026-01-30 08:28:00,CLI-1084,Cheikh Bamba,Yamoussoukro,PAIEMENT_FACTURE_EAU_ELEC,DEBIT,52000,1055530,1003530,MOBILE_MONEY_ORANGE,VALIDE
TX-100346,2026-01-30 10:32:00,CLI-1041,Mariam Fall,Yamoussoukro,PAIEMENT_MARCHAND,DEBIT,17538,35077,17539,VIREMENT_UEMOA,VALIDE
TX-100347,2026-01-30 12:17:00,CLI-1079,Adama Fall,Dakar,PAIEMENT_MARCHAND,DEBIT,13500,80949,67449,GAB_DISTRIBUTEUR,VALIDE
TX-100348,2026-01-30 14:51:00,CLI-1118,Awa Diallo,Ouagadougou,FRAIS_TENUE_COMPTE,DEBIT,1800,3211673,3209873,MOBILE_MONEY_MTN,VALIDE
TX-100349,2026-01-30 17:28:00,CLI-1013,Jean-Baptiste Coulibaly,Cotonou,VIREMENT_SALAIRE,CREDIT,1187500,915834,2103334,AGENCE_GUICHET,VALIDE
TX-100350,2026-01-30 21:09:00,CLI-1121,Fatou Touré,Abidjan,DEPOT_ESPECES,CREDIT,14000,838129,852129,MOBILE_MONEY_WAVE,VALIDE
TX-100351,2026-01-31 00:20:00,CLI-1111,Djeneba Sow,Yamoussoukro,DEPOT_ESPECES,CREDIT,148500,676774,825274,MOBILE_MONEY_MTN,VALIDE
TX-100352,2026-01-31 00:38:00,CLI-1104,Aïssatou Touré,Bouaké,PAIEMENT_MARCHAND,DEBIT,54500,210219,155719,GAB_DISTRIBUTEUR,VALIDE
TX-100353,2026-01-31 01:56:00,CLI-1144,Sékou Sangaré,Bamako,DEPOT_ESPECES,CREDIT,300000,1154909,1454909,MOBILE_MONEY_WAVE,VALIDE
TX-100354,2026-01-31 03:12:00,CLI-1099,Adama Touré,Cotonou,PAIEMENT_MARCHAND,DEBIT,74000,1338369,1264369,AGENCE_GUICHET,VALIDE
TX-100355,2026-01-31 04:57:00,CLI-1031,Bakary Ndiaye,Bouaké,DEPOT_ESPECES,CREDIT,60500,1404554,1465054,MOBILE_MONEY_MTN,VALIDE
TX-100356,2026-01-31 08:15:00,CLI-1087,Sékou Fall,San-Pédro,RETRAIT_GAB,DEBIT,100500,440837,340337,MOBILE_MONEY_ORANGE,VALIDE
TX-100357,2026-01-31 10:28:00,CLI-1051,Bintou Traoré,Cotonou,RETRAIT_GAB,DEBIT,110000,208703,98703,MOBILE_MONEY_WAVE,VALIDE
TX-100358,2026-01-31 11:58:00,CLI-1012,Mamadou Sow,Dakar,VIREMENT_SALAIRE,CREDIT,1646500,514050,2160550,AGENCE_GUICHET,VALIDE
TX-100359,2026-01-31 14:38:00,CLI-1122,Fanta Ba,Yamoussoukro,PAIEMENT_MARCHAND,DEBIT,21500,406062,384562,GAB_DISTRIBUTEUR,VALIDE
TX-100360,2026-01-31 15:24:00,CLI-1036,Aïssatou Ouédraogo,Saint-Louis,PAIEMENT_MARCHAND,DEBIT,43500,336102,292602,VIREMENT_UEMOA,VALIDE
TX-100361,2026-01-31 19:01:00,CLI-1077,Mariam Fofana,Dakar,RETRAIT_GAB,DEBIT,137500,496882,359382,GAB_DISTRIBUTEUR,VALIDE
TX-100362,2026-01-31 21:07:00,CLI-1137,Awa Kouadio,Bobo-Dioulasso,PAIEMENT_MARCHAND,DEBIT,41000,1390483,1349483,AGENCE_GUICHET,VALIDE
TX-100363,2026-01-31 22:58:00,CLI-1005,Nafi Koné,Dakar,PAIEMENT_MARCHAND,DEBIT,16000,441489,425489,GAB_DISTRIBUTEUR,VALIDE
TX-100364,2026-02-01 02:46:00,CLI-1079,Adama Fall,Dakar,TRANSFERT_P2P,DEBIT,33724,67449,33725,TPE_COMMERCE_QR,VALIDE
TX-100365,2026-02-01 05:38:00,CLI-1007,Amadou Fall,San-Pédro,RETRAIT_GAB,DEBIT,74500,1465492,1390992,AGENCE_GUICHET,VALIDE
TX-100366,2026-02-01 05:56:00,CLI-1149,Jean-Baptiste Gueye,Saint-Louis,RETRAIT_GAB,DEBIT,194000,1275533,1081533,GAB_DISTRIBUTEUR,VALIDE
TX-100367,2026-02-01 09:05:00,CLI-1123,Oumar Kane,Cotonou,DEPOT_ESPECES,CREDIT,339500,225573,565073,GAB_DISTRIBUTEUR,VALIDE
TX-100368,2026-02-01 10:12:00,CLI-1098,Mariam Sanogo,Yamoussoukro,DEPOT_ESPECES,CREDIT,366500,61971,428471,MOBILE_MONEY_WAVE,VALIDE
TX-100369,2026-02-01 11:05:00,CLI-1147,Moussa Coulibaly,Saint-Louis,PAIEMENT_FACTURE_EAU_ELEC,DEBIT,12000,677021,665021,MOBILE_MONEY_WAVE,VALIDE
TX-100370,2026-02-01 12:55:00,CLI-1113,Mariam Koné,Yamoussoukro,PAIEMENT_MARCHAND,DEBIT,21500,494463,472963,TPE_COMMERCE_QR,VALIDE
TX-100371,2026-02-01 16:43:00,CLI-1053,Oumar Koffi,Dakar,PAIEMENT_MARCHAND,DEBIT,63500,215165,151665,AGENCE_GUICHET,VALIDE
TX-100372,2026-02-01 17:41:00,CLI-1016,Kouassi Fall,Yamoussoukro,TRANSFERT_P2P,DEBIT,68500,835839,767339,GAB_DISTRIBUTEUR,VALIDE
TX-100373,2026-02-01 20:00:00,CLI-1084,Cheikh Bamba,Yamoussoukro,FRAIS_TENUE_COMPTE,DEBIT,2900,1003530,1000630,VIREMENT_UEMOA,VALIDE
TX-100374,2026-02-01 23:58:00,CLI-1081,Bintou Camara,Niamey,PAIEMENT_FACTURE_EAU_ELEC,DEBIT,35000,276260,241260,GAB_DISTRIBUTEUR,VALIDE
TX-100375,2026-02-02 02:39:00,CLI-1088,Bakary Koné,Bobo-Dioulasso,PAIEMENT_MARCHAND,DEBIT,36500,1149156,1112656,VIREMENT_UEMOA,VALIDE
TX-100376,2026-02-02 05:06:00,CLI-1050,Abdoulaye Traoré,Cotonou,PAIEMENT_FACTURE_EAU_ELEC,DEBIT,23000,1306077,1283077,MOBILE_MONEY_MTN,VALIDE
TX-100377,2026-02-02 08:28:00,CLI-1058,Abdoulaye Fall,Bamako,PAIEMENT_FACTURE_EAU_ELEC,DEBIT,24500,1513257,1488757,MOBILE_MONEY_MTN,VALIDE
TX-100378,2026-02-02 09:54:00,CLI-1054,Sékou Camara,Saint-Louis,RETRAIT_GAB,DEBIT,42574,85149,42575,VIREMENT_UEMOA,VALIDE
TX-100379,2026-02-02 11:09:00,CLI-1090,Fatou Soro,Ouagadougou,RETRAIT_GAB,DEBIT,82502,165005,82503,MOBILE_MONEY_MTN,VALIDE
TX-100380,2026-02-02 12:51:00,CLI-1032,Jean-Baptiste Sylla,Ouagadougou,RETRAIT_GAB,DEBIT,147000,2119282,1972282,VIREMENT_UEMOA,VALIDE
TX-100381,2026-02-02 13:33:00,CLI-1089,Bintou Soro,Ouagadougou,PAIEMENT_FACTURE_EAU_ELEC,DEBIT,57500,1111852,1054352,MOBILE_MONEY_MTN,VALIDE
TX-100382,2026-02-02 13:58:00,CLI-1011,Nafi Sow,Ouagadougou,DEPOT_ESPECES,CREDIT,384000,523738,907738,MOBILE_MONEY_MTN,VALIDE
TX-100383,2026-02-02 14:57:00,CLI-1114,Nafi Kouadio,Abidjan,RETRAIT_GAB,DEBIT,130500,290728,160228,MOBILE_MONEY_ORANGE,VALIDE
TX-100384,2026-02-02 18:00:00,CLI-1138,Mariam Koné,Bobo-Dioulasso,DEPOT_ESPECES,CREDIT,304500,418836,723336,MOBILE_MONEY_MTN,VALIDE
TX-100385,2026-02-02 20:35:00,CLI-1036,Aïssatou Ouédraogo,Saint-Louis,VIREMENT_SALAIRE,CREDIT,1703500,292602,1996102,MOBILE_MONEY_ORANGE,VALIDE
TX-100386,2026-02-02 21:37:00,CLI-1063,Salif Ouédraogo,Bamako,VIREMENT_SALAIRE,CREDIT,1263500,3054048,4317548,TPE_COMMERCE_QR,VALIDE
TX-100387,2026-02-02 23:06:00,CLI-1060,Adama Ba,Saint-Louis,VIREMENT_SALAIRE,CREDIT,1016500,813262,1829762,TPE_COMMERCE_QR,VALIDE
TX-100388,2026-02-02 23:46:00,CLI-1121,Fatou Touré,Abidjan,VIREMENT_SALAIRE,CREDIT,1766000,852129,2618129,MOBILE_MONEY_WAVE,VALIDE
TX-100389,2026-02-03 01:35:00,CLI-1141,Fanta Koffi,Lomé,FRAIS_TENUE_COMPTE,DEBIT,1600,387624,386024,TPE_COMMERCE_QR,VALIDE
TX-100390,2026-02-03 04:53:00,CLI-1122,Fanta Ba,Yamoussoukro,PAIEMENT_MARCHAND,DEBIT,28000,384562,356562,MOBILE_MONEY_MTN,VALIDE
TX-100391,2026-02-03 08:50:00,CLI-1083,Amadou Sanogo,Bouaké,DEPOT_ESPECES,CREDIT,41000,458671,499671,AGENCE_GUICHET,VALIDE
TX-100392,2026-02-03 11:11:00,CLI-1023,Mariam Gueye,Yamoussoukro,RETRAIT_GAB,DEBIT,65500,1439503,1374003,TPE_COMMERCE_QR,VALIDE
TX-100393,2026-02-03 13:02:00,CLI-1010,Boubacar Traoré,San-Pédro,PAIEMENT_FACTURE_EAU_ELEC,DEBIT,16000,292329,276329,AGENCE_GUICHET,VALIDE
TX-100394,2026-02-03 16:41:00,CLI-1046,Hawa Cissé,Dakar,PAIEMENT_FACTURE_EAU_ELEC,DEBIT,7300,1114685,1107385,VIREMENT_UEMOA,VALIDE
TX-100395,2026-02-03 20:29:00,CLI-1127,Aminata Sangaré,Niamey,DEPOT_ESPECES,CREDIT,402500,714943,1117443,MOBILE_MONEY_MTN,VALIDE
TX-100396,2026-02-03 23:08:00,CLI-1010,Boubacar Traoré,San-Pédro,VIREMENT_SALAIRE,CREDIT,1341000,276329,1617329,MOBILE_MONEY_WAVE,VALIDE
TX-100397,2026-02-04 01:32:00,CLI-1086,Cheikh Ndiaye,Bobo-Dioulasso,DEPOT_ESPECES,CREDIT,346000,2405648,2751648,GAB_DISTRIBUTEUR,VALIDE
TX-100398,2026-02-04 05:14:00,CLI-1127,Aminata Sangaré,Niamey,PAIEMENT_FACTURE_EAU_ELEC,DEBIT,13500,1117443,1103943,GAB_DISTRIBUTEUR,VALIDE
TX-100399,2026-02-04 05:47:00,CLI-1120,Salif Diop,Ouagadougou,DEPOT_ESPECES,CREDIT,434000,902328,1336328,MOBILE_MONEY_MTN,VALIDE
TX-100400,2026-02-04 06:57:00,CLI-1042,Sékou Coulibaly,Saint-Louis,TRANSFERT_P2P,DEBIT,85500,1964150,1878650,TPE_COMMERCE_QR,VALIDE
TX-100401,2026-02-04 10:24:00,CLI-1048,Yao Barry,Ouagadougou,VIREMENT_SALAIRE,CREDIT,856500,414646,1271146,MOBILE_MONEY_MTN,VALIDE
TX-100402,2026-02-04 11:13:00,CLI-1146,Abdoulaye Sow,Cotonou,RETRAIT_GAB,DEBIT,55500,1219351,1163851,GAB_DISTRIBUTEUR,VALIDE
TX-100403,2026-02-04 12:41:00,CLI-1104,Aïssatou Touré,Bouaké,TRANSFERT_P2P,DEBIT,68500,155719,87219,MOBILE_MONEY_WAVE,VALIDE
TX-100404,2026-02-04 13:21:00,CLI-1103,Ibrahim Ba,Bamako,RETRAIT_GAB,DEBIT,25882,51765,25883,VIREMENT_UEMOA,VALIDE
TX-100405,2026-02-04 14:32:00,CLI-1083,Amadou Sanogo,Bouaké,PAIEMENT_FACTURE_EAU_ELEC,DEBIT,5400,499671,494271,VIREMENT_UEMOA,VALIDE
TX-100406,2026-02-04 16:01:00,CLI-1061,Seydou Coulibaly,Bamako,PAIEMENT_MARCHAND,DEBIT,36500,636395,599895,MOBILE_MONEY_MTN,VALIDE
TX-100407,2026-02-04 17:12:00,CLI-1150,Ibrahim Ndiaye,Yamoussoukro,TRANSFERT_P2P,DEBIT,2400,887239,884839,TPE_COMMERCE_QR,VALIDE
TX-100408,2026-02-04 20:07:00,CLI-1093,Fanta Koffi,Bobo-Dioulasso,RETRAIT_GAB,DEBIT,21000,1584351,1563351,MOBILE_MONEY_WAVE,VALIDE
TX-100409,2026-02-04 23:07:00,CLI-1120,Salif Diop,Ouagadougou,PAIEMENT_MARCHAND,DEBIT,55000,1336328,1281328,GAB_DISTRIBUTEUR,VALIDE
TX-100410,2026-02-05 03:06:00,CLI-1080,Abdoulaye Ouédraogo,Niamey,RETRAIT_GAB,DEBIT,172000,412379,240379,MOBILE_MONEY_MTN,VALIDE
TX-100411,2026-02-05 03:45:00,CLI-1095,Nafi Kane,Bobo-Dioulasso,RETRAIT_GAB,DEBIT,62000,1277049,1215049,VIREMENT_UEMOA,VALIDE
TX-100412,2026-02-05 05:36:00,CLI-1040,Jean-Baptiste Barry,Saint-Louis,PAIEMENT_MARCHAND,DEBIT,50500,3068671,3018171,TPE_COMMERCE_QR,VALIDE
TX-100413,2026-02-05 07:58:00,CLI-1141,Fanta Koffi,Lomé,PAIEMENT_FACTURE_EAU_ELEC,DEBIT,54500,386024,331524,AGENCE_GUICHET,VALIDE
TX-100414,2026-02-05 11:16:00,CLI-1056,Bintou Fall,Lomé,TRANSFERT_P2P,DEBIT,90000,359296,269296,GAB_DISTRIBUTEUR,VALIDE
TX-100415,2026-02-05 14:21:00,CLI-1021,Seydou Sylla,Ouagadougou,PAIEMENT_MARCHAND,DEBIT,71000,1468108,1397108,MOBILE_MONEY_MTN,VALIDE
TX-100416,2026-02-05 14:41:00,CLI-1020,Tidiane Coulibaly,Lomé,PAIEMENT_FACTURE_EAU_ELEC,DEBIT,12000,1118682,1106682,AGENCE_GUICHET,VALIDE
TX-100417,2026-02-05 17:12:00,CLI-1141,Fanta Koffi,Lomé,PAIEMENT_FACTURE_EAU_ELEC,DEBIT,18000,331524,313524,GAB_DISTRIBUTEUR,VALIDE
TX-100418,2026-02-05 19:30:00,CLI-1039,Nafi Barry,Niamey,DEPOT_ESPECES,CREDIT,457500,31927,489427,VIREMENT_UEMOA,VALIDE
TX-100419,2026-02-05 22:04:00,CLI-1030,Kouassi Ndiaye,San-Pédro,RETRAIT_GAB,DEBIT,192500,1200962,1008462,VIREMENT_UEMOA,VALIDE
TX-100420,2026-02-06 01:36:00,CLI-1024,Kouassi Barry,Ouagadougou,PAIEMENT_FACTURE_EAU_ELEC,DEBIT,34000,1216645,1182645,MOBILE_MONEY_WAVE,VALIDE
TX-100421,2026-02-06 03:37:00,CLI-1117,Djeneba Bamba,Abidjan,DEPOT_ESPECES,CREDIT,227500,2167306,2394806,GAB_DISTRIBUTEUR,VALIDE
TX-100422,2026-02-06 07:08:00,CLI-1015,Seydou Fall,Niamey,RETRAIT_GAB,DEBIT,181000,272279,91279,MOBILE_MONEY_MTN,VALIDE
TX-100423,2026-02-06 10:23:00,CLI-1006,Mamadou Ouédraogo,Bobo-Dioulasso,PAIEMENT_MARCHAND,DEBIT,2300,1958806,1956506,MOBILE_MONEY_ORANGE,VALIDE
TX-100424,2026-02-06 11:56:00,CLI-1149,Jean-Baptiste Gueye,Saint-Louis,VIREMENT_SALAIRE,CREDIT,1038500,1081533,2120033,TPE_COMMERCE_QR,VALIDE
TX-100425,2026-02-06 15:49:00,CLI-1017,Khadija Ba,Bamako,PAIEMENT_MARCHAND,DEBIT,9800,1249295,1239495,MOBILE_MONEY_WAVE,VALIDE
TX-100426,2026-02-06 16:40:00,CLI-1121,Fatou Touré,Abidjan,VIREMENT_SALAIRE,CREDIT,1007000,2618129,3625129,AGENCE_GUICHET,VALIDE
TX-100427,2026-02-06 19:30:00,CLI-1035,Koffi Bamba,Niamey,TRANSFERT_P2P,DEBIT,96500,1273757,1177257,VIREMENT_UEMOA,VALIDE
TX-100428,2026-02-06 21:29:00,CLI-1096,Yao Sow,Bamako,FRAIS_TENUE_COMPTE,DEBIT,2500,457865,455365,AGENCE_GUICHET,VALIDE
TX-100429,2026-02-06 22:08:00,CLI-1097,Moussa Gueye,Bamako,PAIEMENT_MARCHAND,DEBIT,72500,681391,608891,TPE_COMMERCE_QR,VALIDE
TX-100430,2026-02-06 23:53:00,CLI-1090,Fatou Soro,Ouagadougou,VIREMENT_SALAIRE,CREDIT,1276500,82503,1359003,GAB_DISTRIBUTEUR,VALIDE
TX-100431,2026-02-07 03:31:00,CLI-1033,Mariam Diop,San-Pédro,TRANSFERT_P2P,DEBIT,30000,401215,371215,MOBILE_MONEY_WAVE,VALIDE
TX-100432,2026-02-07 06:28:00,CLI-1006,Mamadou Ouédraogo,Bobo-Dioulasso,FRAIS_TENUE_COMPTE,DEBIT,2800,1956506,1953706,TPE_COMMERCE_QR,VALIDE
TX-100433,2026-02-07 10:03:00,CLI-1140,Khadija Soro,Niamey,PAIEMENT_MARCHAND,DEBIT,51500,147526,96026,MOBILE_MONEY_ORANGE,VALIDE
TX-100434,2026-02-07 11:18:00,CLI-1064,Amadou Diallo,Abidjan,PAIEMENT_MARCHAND,DEBIT,22000,1373518,1351518,MOBILE_MONEY_ORANGE,VALIDE
TX-100435,2026-02-07 13:10:00,CLI-1029,Boubacar Sow,Lomé,VIREMENT_SALAIRE,CREDIT,1534500,891303,2425803,GAB_DISTRIBUTEUR,VALIDE
TX-100436,2026-02-07 13:40:00,CLI-1005,Nafi Koné,Dakar,DEPOT_ESPECES,CREDIT,45000,425489,470489,GAB_DISTRIBUTEUR,VALIDE
TX-100437,2026-02-07 14:47:00,CLI-1009,Oumar Fofana,Lomé,PAIEMENT_MARCHAND,DEBIT,8300,1224279,1215979,TPE_COMMERCE_QR,VALIDE
TX-100438,2026-02-07 17:10:00,CLI-1012,Mamadou Sow,Dakar,PAIEMENT_MARCHAND,DEBIT,32500,2160550,2128050,MOBILE_MONEY_ORANGE,VALIDE
TX-100439,2026-02-07 18:14:00,CLI-1015,Seydou Fall,Niamey,DEPOT_ESPECES,CREDIT,161500,91279,252779,AGENCE_GUICHET,VALIDE
TX-100440,2026-02-07 19:19:00,CLI-1148,Cheikh Kane,Cotonou,PAIEMENT_MARCHAND,DEBIT,44000,893762,849762,MOBILE_MONEY_MTN,VALIDE
TX-100441,2026-02-07 20:20:00,CLI-1037,Bintou Diallo,Dakar,FRAIS_TENUE_COMPTE,DEBIT,3100,49310,46210,VIREMENT_UEMOA,VALIDE
TX-100442,2026-02-07 22:56:00,CLI-1077,Mariam Fofana,Dakar,DEPOT_ESPECES,CREDIT,301500,359382,660882,TPE_COMMERCE_QR,VALIDE
TX-100443,2026-02-08 01:23:00,CLI-1045,Seydou Traoré,Saint-Louis,RETRAIT_GAB,DEBIT,116500,614366,497866,VIREMENT_UEMOA,VALIDE
TX-100444,2026-02-08 04:49:00,CLI-1013,Jean-Baptiste Coulibaly,Cotonou,FRAIS_TENUE_COMPTE,DEBIT,2500,2103334,2100834,GAB_DISTRIBUTEUR,VALIDE
TX-100445,2026-02-08 05:32:00,CLI-1082,Fanta Koné,Niamey,RETRAIT_GAB,DEBIT,112000,204269,92269,MOBILE_MONEY_MTN,VALIDE
TX-100446,2026-02-08 07:38:00,CLI-1097,Moussa Gueye,Bamako,DEPOT_ESPECES,CREDIT,292000,608891,900891,MOBILE_MONEY_ORANGE,VALIDE
TX-100447,2026-02-08 11:09:00,CLI-1058,Abdoulaye Fall,Bamako,PAIEMENT_MARCHAND,DEBIT,20500,1488757,1468257,VIREMENT_UEMOA,VALIDE
TX-100448,2026-02-08 13:36:00,CLI-1015,Seydou Fall,Niamey,RETRAIT_GAB,DEBIT,114000,252779,138779,GAB_DISTRIBUTEUR,VALIDE
TX-100449,2026-02-08 14:33:00,CLI-1035,Koffi Bamba,Niamey,PAIEMENT_MARCHAND,DEBIT,35000,1177257,1142257,MOBILE_MONEY_MTN,VALIDE
TX-100450,2026-02-08 15:01:00,CLI-1021,Seydou Sylla,Ouagadougou,PAIEMENT_FACTURE_EAU_ELEC,DEBIT,29000,1397108,1368108,GAB_DISTRIBUTEUR,VALIDE
TX-100451,2026-02-08 17:58:00,CLI-1049,Aïssatou Cissé,Saint-Louis,VIREMENT_SALAIRE,CREDIT,940500,1179259,2119759,GAB_DISTRIBUTEUR,VALIDE
TX-100452,2026-02-08 21:28:00,CLI-1011,Nafi Sow,Ouagadougou,TRANSFERT_P2P,DEBIT,25500,907738,882238,AGENCE_GUICHET,VALIDE
TX-100453,2026-02-09 01:15:00,CLI-1144,Sékou Sangaré,Bamako,DEPOT_ESPECES,CREDIT,119500,1454909,1574409,MOBILE_MONEY_MTN,VALIDE
TX-100454,2026-02-09 02:14:00,CLI-1078,Seydou Fall,Abidjan,PAIEMENT_FACTURE_EAU_ELEC,DEBIT,2082,4165,2083,MOBILE_MONEY_ORANGE,VALIDE
TX-100455,2026-02-09 04:21:00,CLI-1031,Bakary Ndiaye,Bouaké,TRANSFERT_P2P,DEBIT,99500,1465054,1365554,MOBILE_MONEY_ORANGE,VALIDE
TX-100456,2026-02-09 06:47:00,CLI-1053,Oumar Koffi,Dakar,PAIEMENT_MARCHAND,DEBIT,33000,151665,118665,MOBILE_MONEY_MTN,VALIDE
TX-100457,2026-02-09 09:38:00,CLI-1073,Adama Sylla,Abidjan,PAIEMENT_MARCHAND,DEBIT,71500,195897,124397,MOBILE_MONEY_MTN,VALIDE
TX-100458,2026-02-09 13:28:00,CLI-1079,Adama Fall,Dakar,DEPOT_ESPECES,CREDIT,278500,33725,312225,VIREMENT_UEMOA,VALIDE
TX-100459,2026-02-09 15:33:00,CLI-1120,Salif Diop,Ouagadougou,VIREMENT_SALAIRE,CREDIT,1665000,1281328,2946328,AGENCE_GUICHET,VALIDE
TX-100460,2026-02-09 16:58:00,CLI-1082,Fanta Koné,Niamey,PAIEMENT_FACTURE_EAU_ELEC,DEBIT,29000,92269,63269,VIREMENT_UEMOA,VALIDE
TX-100461,2026-02-09 20:12:00,CLI-1012,Mamadou Sow,Dakar,RETRAIT_GAB,DEBIT,63000,2128050,2065050,MOBILE_MONEY_ORANGE,VALIDE
TX-100462,2026-02-09 22:45:00,CLI-1005,Nafi Koné,Dakar,DEPOT_ESPECES,CREDIT,316000,470489,786489,TPE_COMMERCE_QR,VALIDE
TX-100463,2026-02-10 00:14:00,CLI-1107,Moussa Fall,Yamoussoukro,DEPOT_ESPECES,CREDIT,112500,811842,924342,MOBILE_MONEY_ORANGE,VALIDE
TX-100464,2026-02-10 02:26:00,CLI-1098,Mariam Sanogo,Yamoussoukro,RETRAIT_GAB,DEBIT,69000,428471,359471,GAB_DISTRIBUTEUR,VALIDE
TX-100465,2026-02-10 04:36:00,CLI-1087,Sékou Fall,San-Pédro,DEPOT_ESPECES,CREDIT,440500,340337,780837,TPE_COMMERCE_QR,VALIDE
TX-100466,2026-02-10 05:24:00,CLI-1126,Boubacar Cissé,Abidjan,PAIEMENT_MARCHAND,DEBIT,48000,1087244,1039244,MOBILE_MONEY_ORANGE,VALIDE
TX-100467,2026-02-10 08:13:00,CLI-1140,Khadija Soro,Niamey,PAIEMENT_MARCHAND,DEBIT,73000,96026,23026,MOBILE_MONEY_WAVE,VALIDE
TX-100468,2026-02-10 11:47:00,CLI-1135,Adama Soro,Yamoussoukro,VIREMENT_SALAIRE,CREDIT,305500,3269186,3574686,TPE_COMMERCE_QR,VALIDE
TX-100469,2026-02-10 12:27:00,CLI-1013,Jean-Baptiste Coulibaly,Cotonou,TRANSFERT_P2P,DEBIT,55000,2100834,2045834,AGENCE_GUICHET,VALIDE
TX-100470,2026-02-10 12:34:00,CLI-1060,Adama Ba,Saint-Louis,VIREMENT_SALAIRE,CREDIT,466500,1829762,2296262,MOBILE_MONEY_ORANGE,VALIDE
TX-100471,2026-02-10 15:17:00,CLI-1130,Tidiane Koné,Bamako,PAIEMENT_MARCHAND,DEBIT,9900,2077608,2067708,TPE_COMMERCE_QR,VALIDE
TX-100472,2026-02-10 15:23:00,CLI-1124,Hawa Fall,Bobo-Dioulasso,RETRAIT_GAB,DEBIT,9100,922235,913135,GAB_DISTRIBUTEUR,VALIDE
TX-100473,2026-02-10 17:43:00,CLI-1142,Fatou Gueye,Abidjan,PAIEMENT_MARCHAND,DEBIT,4100,1430978,1426878,TPE_COMMERCE_QR,VALIDE
TX-100474,2026-02-10 17:52:00,CLI-1071,Nafi Ba,Niamey,PAIEMENT_MARCHAND,DEBIT,39500,654308,614808,GAB_DISTRIBUTEUR,VALIDE
TX-100475,2026-02-10 18:24:00,CLI-1111,Djeneba Sow,Yamoussoukro,TRANSFERT_P2P,DEBIT,24000,825274,801274,MOBILE_MONEY_WAVE,VALIDE
TX-100476,2026-02-10 21:07:00,CLI-1135,Adama Soro,Yamoussoukro,DEPOT_ESPECES,CREDIT,110500,3574686,3685186,GAB_DISTRIBUTEUR,VALIDE
TX-100477,2026-02-11 00:35:00,CLI-1065,Oumar Diallo,Cotonou,TRANSFERT_P2P,DEBIT,36000,467877,431877,VIREMENT_UEMOA,VALIDE
TX-100478,2026-02-11 02:37:00,CLI-1021,Seydou Sylla,Ouagadougou,PAIEMENT_MARCHAND,DEBIT,55000,1368108,1313108,GAB_DISTRIBUTEUR,VALIDE
TX-100479,2026-02-11 03:58:00,CLI-1063,Salif Ouédraogo,Bamako,FRAIS_TENUE_COMPTE,DEBIT,1900,4317548,4315648,TPE_COMMERCE_QR,VALIDE
TX-100480,2026-02-11 07:17:00,CLI-1021,Seydou Sylla,Ouagadougou,RETRAIT_GAB,DEBIT,175000,1313108,1138108,MOBILE_MONEY_WAVE,VALIDE
TX-100481,2026-02-11 09:43:00,CLI-1024,Kouassi Barry,Ouagadougou,PAIEMENT_MARCHAND,DEBIT,51000,1182645,1131645,VIREMENT_UEMOA,VALIDE
TX-100482,2026-02-11 10:31:00,CLI-1015,Seydou Fall,Niamey,RETRAIT_GAB,DEBIT,69389,138779,69390,MOBILE_MONEY_WAVE,VALIDE
TX-100483,2026-02-11 13:56:00,CLI-1128,Boubacar Kane,Lomé,TRANSFERT_P2P,DEBIT,85500,476444,390944,MOBILE_MONEY_MTN,VALIDE
TX-100484,2026-02-11 17:50:00,CLI-1145,Aïssatou Bamba,Yamoussoukro,FRAIS_TENUE_COMPTE,DEBIT,1300,386245,384945,GAB_DISTRIBUTEUR,VALIDE
TX-100485,2026-02-11 21:37:00,CLI-1011,Nafi Sow,Ouagadougou,DEPOT_ESPECES,CREDIT,482500,882238,1364738,TPE_COMMERCE_QR,VALIDE
TX-100486,2026-02-11 22:01:00,CLI-1146,Abdoulaye Sow,Cotonou,PAIEMENT_MARCHAND,DEBIT,8100,1163851,1155751,TPE_COMMERCE_QR,VALIDE
TX-100487,2026-02-12 00:54:00,CLI-1072,Seydou Sangaré,Yamoussoukro,PAIEMENT_FACTURE_EAU_ELEC,DEBIT,41500,87105,45605,MOBILE_MONEY_WAVE,VALIDE
TX-100488,2026-02-12 01:03:00,CLI-1046,Hawa Cissé,Dakar,PAIEMENT_FACTURE_EAU_ELEC,DEBIT,25500,1107385,1081885,MOBILE_MONEY_ORANGE,VALIDE
TX-100489,2026-02-12 04:38:00,CLI-1037,Bintou Diallo,Dakar,TRANSFERT_P2P,DEBIT,23105,46210,23105,VIREMENT_UEMOA,VALIDE
TX-100490,2026-02-12 05:44:00,CLI-1020,Tidiane Coulibaly,Lomé,DEPOT_ESPECES,CREDIT,305500,1106682,1412182,GAB_DISTRIBUTEUR,VALIDE
TX-100491,2026-02-12 07:13:00,CLI-1100,Abdoulaye Diallo,Bouaké,RETRAIT_GAB,DEBIT,3667,7335,3668,VIREMENT_UEMOA,VALIDE
TX-100492,2026-02-12 10:23:00,CLI-1036,Aïssatou Ouédraogo,Saint-Louis,TRANSFERT_P2P,DEBIT,91000,1996102,1905102,MOBILE_MONEY_WAVE,VALIDE
TX-100493,2026-02-12 10:41:00,CLI-1129,Aminata Gueye,Niamey,TRANSFERT_P2P,DEBIT,46000,64192,18192,MOBILE_MONEY_WAVE,VALIDE
TX-100494,2026-02-12 12:13:00,CLI-1112,Adama Kouadio,Bouaké,DEPOT_ESPECES,CREDIT,49500,1725419,1774919,GAB_DISTRIBUTEUR,VALIDE
TX-100495,2026-02-12 12:25:00,CLI-1102,Salif Ndiaye,Lomé,FRAIS_TENUE_COMPTE,DEBIT,2300,1089517,1087217,TPE_COMMERCE_QR,VALIDE
TX-100496,2026-02-12 14:35:00,CLI-1070,Mamadou Coulibaly,Yamoussoukro,TRANSFERT_P2P,DEBIT,60000,182478,122478,MOBILE_MONEY_ORANGE,VALIDE
TX-100497,2026-02-12 16:30:00,CLI-1092,Tidiane Ouédraogo,Dakar,RETRAIT_GAB,DEBIT,103000,864778,761778,MOBILE_MONEY_ORANGE,VALIDE
TX-100498,2026-02-12 19:52:00,CLI-1150,Ibrahim Ndiaye,Yamoussoukro,RETRAIT_GAB,DEBIT,27000,884839,857839,GAB_DISTRIBUTEUR,VALIDE
TX-100499,2026-02-12 20:15:00,CLI-1076,Seydou Diop,Ouagadougou,TRANSFERT_P2P,DEBIT,94000,2568749,2474749,MOBILE_MONEY_WAVE,VALIDE
TX-100500,2026-02-12 23:40:00,CLI-1069,Bintou Ouédraogo,Niamey,DEPOT_ESPECES,CREDIT,383000,1680396,2063396,TPE_COMMERCE_QR,VALIDE
TX-100501,2026-02-13 01:17:00,CLI-1040,Jean-Baptiste Barry,Saint-Louis,TRANSFERT_P2P,DEBIT,42500,3018171,2975671,MOBILE_MONEY_WAVE,VALIDE
TX-100502,2026-02-13 03:15:00,CLI-1024,Kouassi Barry,Ouagadougou,VIREMENT_SALAIRE,CREDIT,796000,1131645,1927645,MOBILE_MONEY_MTN,VALIDE
TX-100503,2026-02-13 04:07:00,CLI-1070,Mamadou Coulibaly,Yamoussoukro,VIREMENT_SALAIRE,CREDIT,333000,122478,455478,VIREMENT_UEMOA,VALIDE
TX-100504,2026-02-13 05:56:00,CLI-1115,Bakary Diop,Lomé,RETRAIT_GAB,DEBIT,139000,1508123,1369123,MOBILE_MONEY_WAVE,VALIDE
TX-100505,2026-02-13 06:24:00,CLI-1007,Amadou Fall,San-Pédro,VIREMENT_SALAIRE,CREDIT,1312000,1390992,2702992,GAB_DISTRIBUTEUR,VALIDE
TX-100506,2026-02-13 07:43:00,CLI-1084,Cheikh Bamba,Yamoussoukro,TRANSFERT_P2P,DEBIT,2600,1000630,998030,VIREMENT_UEMOA,VALIDE
TX-100507,2026-02-13 11:38:00,CLI-1100,Abdoulaye Diallo,Bouaké,TRANSFERT_P2P,DEBIT,1834,3668,1834,GAB_DISTRIBUTEUR,VALIDE
TX-100508,2026-02-13 14:38:00,CLI-1063,Salif Ouédraogo,Bamako,RETRAIT_GAB,DEBIT,49000,4315648,4266648,VIREMENT_UEMOA,VALIDE
TX-100509,2026-02-13 15:51:00,CLI-1044,Awa Touré,Ouagadougou,DEPOT_ESPECES,CREDIT,167500,607268,774768,VIREMENT_UEMOA,VALIDE
TX-100510,2026-02-13 17:06:00,CLI-1038,Ibrahim Sylla,Yamoussoukro,VIREMENT_SALAIRE,CREDIT,1061500,1130306,2191806,VIREMENT_UEMOA,VALIDE
TX-100511,2026-02-13 18:43:00,CLI-1077,Mariam Fofana,Dakar,PAIEMENT_MARCHAND,DEBIT,12000,660882,648882,MOBILE_MONEY_MTN,VALIDE
TX-100512,2026-02-13 21:20:00,CLI-1064,Amadou Diallo,Abidjan,TRANSFERT_P2P,DEBIT,65500,1351518,1286018,GAB_DISTRIBUTEUR,VALIDE
TX-100513,2026-02-13 22:42:00,CLI-1051,Bintou Traoré,Cotonou,PAIEMENT_MARCHAND,DEBIT,19500,98703,79203,MOBILE_MONEY_WAVE,VALIDE
TX-100514,2026-02-14 02:12:00,CLI-1102,Salif Ndiaye,Lomé,PAIEMENT_MARCHAND,DEBIT,51500,1087217,1035717,AGENCE_GUICHET,VALIDE
TX-100515,2026-02-14 05:45:00,CLI-1085,Djeneba Camara,Bamako,PAIEMENT_MARCHAND,DEBIT,58000,105132,47132,AGENCE_GUICHET,VALIDE
TX-100516,2026-02-14 07:52:00,CLI-1035,Koffi Bamba,Niamey,PAIEMENT_MARCHAND,DEBIT,28000,1142257,1114257,MOBILE_MONEY_MTN,VALIDE
TX-100517,2026-02-14 09:11:00,CLI-1046,Hawa Cissé,Dakar,FRAIS_TENUE_COMPTE,DEBIT,2300,1081885,1079585,TPE_COMMERCE_QR,VALIDE
TX-100518,2026-02-14 10:39:00,CLI-1126,Boubacar Cissé,Abidjan,FRAIS_TENUE_COMPTE,DEBIT,1900,1039244,1037344,VIREMENT_UEMOA,VALIDE
TX-100519,2026-02-14 12:17:00,CLI-1072,Seydou Sangaré,Yamoussoukro,TRANSFERT_P2P,DEBIT,22802,45605,22803,MOBILE_MONEY_WAVE,VALIDE
TX-100520,2026-02-14 13:08:00,CLI-1145,Aïssatou Bamba,Yamoussoukro,DEPOT_ESPECES,CREDIT,296000,384945,680945,TPE_COMMERCE_QR,VALIDE
TX-100521,2026-02-14 15:11:00,CLI-1141,Fanta Koffi,Lomé,VIREMENT_SALAIRE,CREDIT,1675000,313524,1988524,TPE_COMMERCE_QR,VALIDE
TX-100522,2026-02-14 18:48:00,CLI-1054,Sékou Camara,Saint-Louis,PAIEMENT_MARCHAND,DEBIT,40000,42575,2575,TPE_COMMERCE_QR,VALIDE
TX-100523,2026-02-14 21:45:00,CLI-1018,Djeneba Diallo,Yamoussoukro,TRANSFERT_P2P,DEBIT,54500,130600,76100,VIREMENT_UEMOA,VALIDE
TX-100524,2026-02-14 22:54:00,CLI-1036,Aïssatou Ouédraogo,Saint-Louis,RETRAIT_GAB,DEBIT,68000,1905102,1837102,TPE_COMMERCE_QR,VALIDE
TX-100525,2026-02-14 23:17:00,CLI-1040,Jean-Baptiste Barry,Saint-Louis,TRANSFERT_P2P,DEBIT,50000,2975671,2925671,VIREMENT_UEMOA,VALIDE
TX-100526,2026-02-15 01:31:00,CLI-1123,Oumar Kane,Cotonou,RETRAIT_GAB,DEBIT,145000,565073,420073,AGENCE_GUICHET,VALIDE
TX-100527,2026-02-15 04:35:00,CLI-1108,Awa Diop,Dakar,PAIEMENT_MARCHAND,DEBIT,49000,836125,787125,AGENCE_GUICHET,VALIDE
TX-100528,2026-02-15 05:07:00,CLI-1138,Mariam Koné,Bobo-Dioulasso,RETRAIT_GAB,DEBIT,27000,723336,696336,AGENCE_GUICHET,VALIDE
TX-100529,2026-02-15 05:54:00,CLI-1064,Amadou Diallo,Abidjan,RETRAIT_GAB,DEBIT,98000,1286018,1188018,TPE_COMMERCE_QR,VALIDE
TX-100530,2026-02-15 08:52:00,CLI-1012,Mamadou Sow,Dakar,RETRAIT_GAB,DEBIT,174000,2065050,1891050,TPE_COMMERCE_QR,VALIDE
TX-100531,2026-02-15 12:20:00,CLI-1103,Ibrahim Ba,Bamako,FRAIS_TENUE_COMPTE,DEBIT,2300,25883,23583,VIREMENT_UEMOA,VALIDE
TX-100532,2026-02-15 13:21:00,CLI-1028,Bakary Koné,Abidjan,VIREMENT_SALAIRE,CREDIT,692500,481348,1173848,GAB_DISTRIBUTEUR,VALIDE
TX-100533,2026-02-15 15:53:00,CLI-1133,Moussa Ndiaye,Cotonou,RETRAIT_GAB,DEBIT,185000,943643,758643,MOBILE_MONEY_ORANGE,VALIDE
TX-100534,2026-02-15 19:15:00,CLI-1115,Bakary Diop,Lomé,PAIEMENT_MARCHAND,DEBIT,62500,1369123,1306623,TPE_COMMERCE_QR,VALIDE
TX-100535,2026-02-15 21:23:00,CLI-1129,Aminata Gueye,Niamey,DEPOT_ESPECES,CREDIT,22500,18192,40692,MOBILE_MONEY_WAVE,VALIDE
TX-100536,2026-02-15 21:57:00,CLI-1076,Seydou Diop,Ouagadougou,PAIEMENT_MARCHAND,DEBIT,13000,2474749,2461749,AGENCE_GUICHET,VALIDE
TX-100537,2026-02-15 23:58:00,CLI-1037,Bintou Diallo,Dakar,PAIEMENT_MARCHAND,DEBIT,11552,23105,11553,AGENCE_GUICHET,VALIDE
TX-100538,2026-02-16 02:04:00,CLI-1053,Oumar Koffi,Dakar,PAIEMENT_MARCHAND,DEBIT,47500,118665,71165,MOBILE_MONEY_WAVE,VALIDE
TX-100539,2026-02-16 03:30:00,CLI-1113,Mariam Koné,Yamoussoukro,TRANSFERT_P2P,DEBIT,60000,472963,412963,MOBILE_MONEY_WAVE,VALIDE
TX-100540,2026-02-16 04:04:00,CLI-1077,Mariam Fofana,Dakar,VIREMENT_SALAIRE,CREDIT,1640500,648882,2289382,MOBILE_MONEY_WAVE,VALIDE
TX-100541,2026-02-16 07:33:00,CLI-1088,Bakary Koné,Bobo-Dioulasso,RETRAIT_GAB,DEBIT,182500,1112656,930156,MOBILE_MONEY_ORANGE,VALIDE
TX-100542,2026-02-16 08:18:00,CLI-1063,Salif Ouédraogo,Bamako,PAIEMENT_MARCHAND,DEBIT,74000,4266648,4192648,MOBILE_MONEY_MTN,VALIDE
TX-100543,2026-02-16 09:22:00,CLI-1144,Sékou Sangaré,Bamako,PAIEMENT_MARCHAND,DEBIT,62500,1574409,1511909,AGENCE_GUICHET,VALIDE
TX-100544,2026-02-16 12:10:00,CLI-1104,Aïssatou Touré,Bouaké,RETRAIT_GAB,DEBIT,53500,87219,33719,TPE_COMMERCE_QR,VALIDE
TX-100545,2026-02-16 14:10:00,CLI-1111,Djeneba Sow,Yamoussoukro,PAIEMENT_MARCHAND,DEBIT,27500,801274,773774,GAB_DISTRIBUTEUR,VALIDE
TX-100546,2026-02-16 15:07:00,CLI-1110,Mariam Touré,Bamako,PAIEMENT_MARCHAND,DEBIT,30000,1469120,1439120,MOBILE_MONEY_MTN,VALIDE
TX-100547,2026-02-16 15:59:00,CLI-1017,Khadija Ba,Bamako,RETRAIT_GAB,DEBIT,145500,1239495,1093995,MOBILE_MONEY_MTN,VALIDE
TX-100548,2026-02-16 17:11:00,CLI-1084,Cheikh Bamba,Yamoussoukro,DEPOT_ESPECES,CREDIT,69500,998030,1067530,TPE_COMMERCE_QR,VALIDE
TX-100549,2026-02-16 19:48:00,CLI-1126,Boubacar Cissé,Abidjan,PAIEMENT_MARCHAND,DEBIT,43000,1037344,994344,VIREMENT_UEMOA,VALIDE
TX-100550,2026-02-16 21:23:00,CLI-1101,Khadija Koffi,Dakar,RETRAIT_GAB,DEBIT,96000,259675,163675,AGENCE_GUICHET,VALIDE
TX-100551,2026-02-17 00:28:00,CLI-1118,Awa Diallo,Ouagadougou,RETRAIT_GAB,DEBIT,181500,3209873,3028373,AGENCE_GUICHET,VALIDE
TX-100552,2026-02-17 00:54:00,CLI-1077,Mariam Fofana,Dakar,PAIEMENT_FACTURE_EAU_ELEC,DEBIT,43500,2289382,2245882,TPE_COMMERCE_QR,VALIDE
TX-100553,2026-02-17 02:17:00,CLI-1035,Koffi Bamba,Niamey,PAIEMENT_MARCHAND,DEBIT,33000,1114257,1081257,MOBILE_MONEY_WAVE,VALIDE
TX-100554,2026-02-17 04:32:00,CLI-1047,Tidiane Sylla,Yamoussoukro,PAIEMENT_MARCHAND,DEBIT,20500,631884,611384,VIREMENT_UEMOA,VALIDE
TX-100555,2026-02-17 06:15:00,CLI-1108,Awa Diop,Dakar,RETRAIT_GAB,DEBIT,155500,787125,631625,VIREMENT_UEMOA,VALIDE
TX-100556,2026-02-17 09:17:00,CLI-1048,Yao Barry,Ouagadougou,PAIEMENT_MARCHAND,DEBIT,72000,1271146,1199146,TPE_COMMERCE_QR,VALIDE
TX-100557,2026-02-17 10:35:00,CLI-1045,Seydou Traoré,Saint-Louis,RETRAIT_GAB,DEBIT,133000,497866,364866,MOBILE_MONEY_ORANGE,VALIDE
TX-100558,2026-02-17 13:18:00,CLI-1048,Yao Barry,Ouagadougou,PAIEMENT_MARCHAND,DEBIT,61000,1199146,1138146,MOBILE_MONEY_WAVE,VALIDE
TX-100559,2026-02-17 13:57:00,CLI-1092,Tidiane Ouédraogo,Dakar,PAIEMENT_FACTURE_EAU_ELEC,DEBIT,36500,761778,725278,MOBILE_MONEY_ORANGE,VALIDE
TX-100560,2026-02-17 16:49:00,CLI-1099,Adama Touré,Cotonou,FRAIS_TENUE_COMPTE,DEBIT,3000,1264369,1261369,VIREMENT_UEMOA,VALIDE
TX-100561,2026-02-17 19:55:00,CLI-1105,Clarisse Fall,Bobo-Dioulasso,RETRAIT_GAB,DEBIT,113500,673924,560424,AGENCE_GUICHET,VALIDE
TX-100562,2026-02-17 22:24:00,CLI-1114,Nafi Kouadio,Abidjan,PAIEMENT_MARCHAND,DEBIT,12500,160228,147728,MOBILE_MONEY_WAVE,VALIDE
TX-100563,2026-02-17 23:26:00,CLI-1057,Yao Barry,Bamako,DEPOT_ESPECES,CREDIT,154000,758084,912084,GAB_DISTRIBUTEUR,VALIDE
TX-100564,2026-02-18 01:55:00,CLI-1074,Jean-Baptiste Sangaré,Dakar,DEPOT_ESPECES,CREDIT,249500,730569,980069,TPE_COMMERCE_QR,VALIDE
TX-100565,2026-02-18 04:26:00,CLI-1127,Aminata Sangaré,Niamey,PAIEMENT_MARCHAND,DEBIT,16500,1103943,1087443,MOBILE_MONEY_WAVE,VALIDE
TX-100566,2026-02-18 06:49:00,CLI-1069,Bintou Ouédraogo,Niamey,TRANSFERT_P2P,DEBIT,49000,2063396,2014396,AGENCE_GUICHET,VALIDE
TX-100567,2026-02-18 09:13:00,CLI-1011,Nafi Sow,Ouagadougou,TRANSFERT_P2P,DEBIT,58500,1364738,1306238,MOBILE_MONEY_ORANGE,VALIDE
TX-100568,2026-02-18 12:30:00,CLI-1109,Fanta Coulibaly,Ouagadougou,VIREMENT_SALAIRE,CREDIT,1520500,1517194,3037694,MOBILE_MONEY_ORANGE,VALIDE
TX-100569,2026-02-18 14:30:00,CLI-1077,Mariam Fofana,Dakar,TRANSFERT_P2P,DEBIT,5200,2245882,2240682,MOBILE_MONEY_MTN,VALIDE
TX-100570,2026-02-18 16:27:00,CLI-1090,Fatou Soro,Ouagadougou,TRANSFERT_P2P,DEBIT,12000,1359003,1347003,AGENCE_GUICHET,VALIDE
TX-100571,2026-02-18 17:25:00,CLI-1031,Bakary Ndiaye,Bouaké,TRANSFERT_P2P,DEBIT,32000,1365554,1333554,AGENCE_GUICHET,VALIDE
TX-100572,2026-02-18 20:11:00,CLI-1090,Fatou Soro,Ouagadougou,TRANSFERT_P2P,DEBIT,80500,1347003,1266503,VIREMENT_UEMOA,VALIDE
TX-100573,2026-02-18 23:44:00,CLI-1043,Hawa Kouadio,Cotonou,RETRAIT_GAB,DEBIT,59000,1387494,1328494,MOBILE_MONEY_ORANGE,VALIDE
TX-100574,2026-02-19 01:00:00,CLI-1016,Kouassi Fall,Yamoussoukro,RETRAIT_GAB,DEBIT,144500,767339,622839,GAB_DISTRIBUTEUR,VALIDE
TX-100575,2026-02-19 02:19:00,CLI-1138,Mariam Koné,Bobo-Dioulasso,DEPOT_ESPECES,CREDIT,379000,696336,1075336,MOBILE_MONEY_MTN,VALIDE
TX-100576,2026-02-19 04:35:00,CLI-1147,Moussa Coulibaly,Saint-Louis,DEPOT_ESPECES,CREDIT,459500,665021,1124521,TPE_COMMERCE_QR,VALIDE
TX-100577,2026-02-19 08:01:00,CLI-1025,Salif Sangaré,Ouagadougou,DEPOT_ESPECES,CREDIT,403000,520905,923905,VIREMENT_UEMOA,VALIDE
TX-100578,2026-02-19 11:05:00,CLI-1016,Kouassi Fall,Yamoussoukro,FRAIS_TENUE_COMPTE,DEBIT,1500,622839,621339,AGENCE_GUICHET,VALIDE
TX-100579,2026-02-19 12:32:00,CLI-1034,Salif Fall,San-Pédro,DEPOT_ESPECES,CREDIT,382500,1324509,1707009,AGENCE_GUICHET,VALIDE
TX-100580,2026-02-19 14:17:00,CLI-1064,Amadou Diallo,Abidjan,TRANSFERT_P2P,DEBIT,89500,1188018,1098518,VIREMENT_UEMOA,VALIDE
TX-100581,2026-02-19 17:02:00,CLI-1037,Bintou Diallo,Dakar,RETRAIT_GAB,DEBIT,5776,11553,5777,VIREMENT_UEMOA,VALIDE
TX-100582,2026-02-19 18:50:00,CLI-1097,Moussa Gueye,Bamako,PAIEMENT_MARCHAND,DEBIT,14000,900891,886891,GAB_DISTRIBUTEUR,VALIDE
TX-100583,2026-02-19 20:51:00,CLI-1072,Seydou Sangaré,Yamoussoukro,RETRAIT_GAB,DEBIT,11401,22803,11402,VIREMENT_UEMOA,VALIDE
TX-100584,2026-02-19 21:19:00,CLI-1084,Cheikh Bamba,Yamoussoukro,RETRAIT_GAB,DEBIT,197000,1067530,870530,TPE_COMMERCE_QR,VALIDE
TX-100585,2026-02-19 22:55:00,CLI-1118,Awa Diallo,Ouagadougou,RETRAIT_GAB,DEBIT,187500,3028373,2840873,AGENCE_GUICHET,VALIDE
TX-100586,2026-02-19 23:55:00,CLI-1017,Khadija Ba,Bamako,TRANSFERT_P2P,DEBIT,53000,1093995,1040995,VIREMENT_UEMOA,VALIDE
TX-100587,2026-02-20 03:32:00,CLI-1055,Hawa Diop,Yamoussoukro,PAIEMENT_MARCHAND,DEBIT,44000,271156,227156,MOBILE_MONEY_MTN,VALIDE
TX-100588,2026-02-20 06:01:00,CLI-1087,Sékou Fall,San-Pédro,PAIEMENT_MARCHAND,DEBIT,19000,780837,761837,AGENCE_GUICHET,VALIDE
TX-100589,2026-02-20 09:21:00,CLI-1125,Sékou Diop,Ouagadougou,TRANSFERT_P2P,DEBIT,90000,498774,408774,MOBILE_MONEY_WAVE,VALIDE
TX-100590,2026-02-20 13:00:00,CLI-1012,Mamadou Sow,Dakar,VIREMENT_SALAIRE,CREDIT,1793500,1891050,3684550,VIREMENT_UEMOA,VALIDE
TX-100591,2026-02-20 13:45:00,CLI-1005,Nafi Koné,Dakar,DEPOT_ESPECES,CREDIT,459500,786489,1245989,VIREMENT_UEMOA,VALIDE
TX-100592,2026-02-20 14:41:00,CLI-1117,Djeneba Bamba,Abidjan,VIREMENT_SALAIRE,CREDIT,1047000,2394806,3441806,TPE_COMMERCE_QR,VALIDE
TX-100593,2026-02-20 15:26:00,CLI-1034,Salif Fall,San-Pédro,PAIEMENT_FACTURE_EAU_ELEC,DEBIT,24500,1707009,1682509,AGENCE_GUICHET,VALIDE
TX-100594,2026-02-20 16:35:00,CLI-1071,Nafi Ba,Niamey,VIREMENT_SALAIRE,CREDIT,905500,614808,1520308,MOBILE_MONEY_WAVE,VALIDE
TX-100595,2026-02-20 17:22:00,CLI-1096,Yao Sow,Bamako,RETRAIT_GAB,DEBIT,175000,455365,280365,MOBILE_MONEY_WAVE,VALIDE
TX-100596,2026-02-20 20:26:00,CLI-1102,Salif Ndiaye,Lomé,RETRAIT_GAB,DEBIT,195000,1035717,840717,AGENCE_GUICHET,VALIDE
TX-100597,2026-02-20 23:31:00,CLI-1060,Adama Ba,Saint-Louis,PAIEMENT_MARCHAND,DEBIT,13500,2296262,2282762,MOBILE_MONEY_WAVE,VALIDE
TX-100598,2026-02-21 00:09:00,CLI-1001,Adama Coulibaly,San-Pédro,DEPOT_ESPECES,CREDIT,50500,102451,152951,GAB_DISTRIBUTEUR,VALIDE
TX-100599,2026-02-21 00:16:00,CLI-1058,Abdoulaye Fall,Bamako,PAIEMENT_MARCHAND,DEBIT,60000,1468257,1408257,MOBILE_MONEY_WAVE,VALIDE
TX-100600,2026-02-21 03:18:00,CLI-1088,Bakary Koné,Bobo-Dioulasso,TRANSFERT_P2P,DEBIT,56000,930156,874156,MOBILE_MONEY_ORANGE,VALIDE
TX-100601,2026-02-21 03:45:00,CLI-1123,Oumar Kane,Cotonou,VIREMENT_SALAIRE,CREDIT,953000,420073,1373073,TPE_COMMERCE_QR,VALIDE
TX-100602,2026-02-21 07:35:00,CLI-1027,Djeneba Fall,Yamoussoukro,VIREMENT_SALAIRE,CREDIT,920500,450066,1370566,MOBILE_MONEY_MTN,VALIDE
TX-100603,2026-02-21 10:24:00,CLI-1036,Aïssatou Ouédraogo,Saint-Louis,PAIEMENT_MARCHAND,DEBIT,19000,1837102,1818102,TPE_COMMERCE_QR,VALIDE
TX-100604,2026-02-21 10:31:00,CLI-1037,Bintou Diallo,Dakar,VIREMENT_SALAIRE,CREDIT,1331000,5777,1336777,GAB_DISTRIBUTEUR,VALIDE
TX-100605,2026-02-21 13:16:00,CLI-1043,Hawa Kouadio,Cotonou,PAIEMENT_MARCHAND,DEBIT,29500,1328494,1298994,TPE_COMMERCE_QR,VALIDE
TX-100606,2026-02-21 16:16:00,CLI-1039,Nafi Barry,Niamey,PAIEMENT_FACTURE_EAU_ELEC,DEBIT,45000,489427,444427,VIREMENT_UEMOA,VALIDE
TX-100607,2026-02-21 16:56:00,CLI-1056,Bintou Fall,Lomé,VIREMENT_SALAIRE,CREDIT,360500,269296,629796,AGENCE_GUICHET,VALIDE
TX-100608,2026-02-21 18:30:00,CLI-1032,Jean-Baptiste Sylla,Ouagadougou,RETRAIT_GAB,DEBIT,105500,1972282,1866782,VIREMENT_UEMOA,VALIDE
TX-100609,2026-02-21 19:45:00,CLI-1081,Bintou Camara,Niamey,TRANSFERT_P2P,DEBIT,33000,241260,208260,TPE_COMMERCE_QR,VALIDE
TX-100610,2026-02-21 22:23:00,CLI-1022,Aïssatou Ba,Yamoussoukro,DEPOT_ESPECES,CREDIT,325000,376968,701968,TPE_COMMERCE_QR,VALIDE
TX-100611,2026-02-21 22:34:00,CLI-1073,Adama Sylla,Abidjan,TRANSFERT_P2P,DEBIT,91500,124397,32897,AGENCE_GUICHET,VALIDE
TX-100612,2026-02-22 00:49:00,CLI-1078,Seydou Fall,Abidjan,DEPOT_ESPECES,CREDIT,328000,2083,330083,MOBILE_MONEY_ORANGE,VALIDE
TX-100613,2026-02-22 04:14:00,CLI-1101,Khadija Koffi,Dakar,DEPOT_ESPECES,CREDIT,38500,163675,202175,AGENCE_GUICHET,VALIDE
TX-100614,2026-02-22 05:20:00,CLI-1062,Kouassi Sow,Bobo-Dioulasso,PAIEMENT_MARCHAND,DEBIT,2488,4976,2488,VIREMENT_UEMOA,VALIDE
TX-100615,2026-02-22 06:57:00,CLI-1019,Oumar Touré,Bamako,PAIEMENT_MARCHAND,DEBIT,3500,27835,24335,MOBILE_MONEY_MTN,VALIDE
TX-100616,2026-02-22 08:35:00,CLI-1034,Salif Fall,San-Pédro,PAIEMENT_MARCHAND,DEBIT,57000,1682509,1625509,GAB_DISTRIBUTEUR,VALIDE
TX-100617,2026-02-22 08:44:00,CLI-1045,Seydou Traoré,Saint-Louis,TRANSFERT_P2P,DEBIT,10500,364866,354366,GAB_DISTRIBUTEUR,VALIDE
TX-100618,2026-02-22 08:59:00,CLI-1018,Djeneba Diallo,Yamoussoukro,VIREMENT_SALAIRE,CREDIT,602000,76100,678100,MOBILE_MONEY_WAVE,VALIDE
TX-100619,2026-02-22 12:20:00,CLI-1102,Salif Ndiaye,Lomé,PAIEMENT_MARCHAND,DEBIT,67500,840717,773217,VIREMENT_UEMOA,VALIDE
TX-100620,2026-02-22 15:08:00,CLI-1109,Fanta Coulibaly,Ouagadougou,TRANSFERT_P2P,DEBIT,11500,3037694,3026194,GAB_DISTRIBUTEUR,VALIDE
TX-100621,2026-02-22 15:34:00,CLI-1138,Mariam Koné,Bobo-Dioulasso,RETRAIT_GAB,DEBIT,77500,1075336,997836,MOBILE_MONEY_MTN,VALIDE
TX-100622,2026-02-22 19:05:00,CLI-1021,Seydou Sylla,Ouagadougou,PAIEMENT_MARCHAND,DEBIT,28500,1138108,1109608,MOBILE_MONEY_ORANGE,VALIDE
TX-100623,2026-02-22 20:29:00,CLI-1138,Mariam Koné,Bobo-Dioulasso,PAIEMENT_MARCHAND,DEBIT,10500,997836,987336,TPE_COMMERCE_QR,VALIDE
TX-100624,2026-02-22 20:48:00,CLI-1112,Adama Kouadio,Bouaké,TRANSFERT_P2P,DEBIT,32000,1774919,1742919,MOBILE_MONEY_ORANGE,VALIDE
TX-100625,2026-02-22 22:49:00,CLI-1023,Mariam Gueye,Yamoussoukro,PAIEMENT_FACTURE_EAU_ELEC,DEBIT,12500,1374003,1361503,GAB_DISTRIBUTEUR,VALIDE
TX-100626,2026-02-22 23:24:00,CLI-1015,Seydou Fall,Niamey,PAIEMENT_MARCHAND,DEBIT,25000,69390,44390,MOBILE_MONEY_WAVE,VALIDE
TX-100627,2026-02-23 01:36:00,CLI-1036,Aïssatou Ouédraogo,Saint-Louis,TRANSFERT_P2P,DEBIT,22000,1818102,1796102,MOBILE_MONEY_MTN,VALIDE
TX-100628,2026-02-23 02:23:00,CLI-1134,Mariam Diallo,Cotonou,PAIEMENT_MARCHAND,DEBIT,35500,567267,531767,MOBILE_MONEY_MTN,VALIDE
TX-100629,2026-02-23 05:35:00,CLI-1033,Mariam Diop,San-Pédro,TRANSFERT_P2P,DEBIT,36000,371215,335215,MOBILE_MONEY_WAVE,VALIDE
TX-100630,2026-02-23 06:49:00,CLI-1008,Adama Gueye,Niamey,PAIEMENT_MARCHAND,DEBIT,58000,3858825,3800825,GAB_DISTRIBUTEUR,VALIDE
TX-100631,2026-02-23 09:34:00,CLI-1017,Khadija Ba,Bamako,DEPOT_ESPECES,CREDIT,312000,1040995,1352995,MOBILE_MONEY_WAVE,VALIDE
TX-100632,2026-02-23 09:53:00,CLI-1128,Boubacar Kane,Lomé,PAIEMENT_MARCHAND,DEBIT,49000,390944,341944,VIREMENT_UEMOA,VALIDE
TX-100633,2026-02-23 11:03:00,CLI-1146,Abdoulaye Sow,Cotonou,DEPOT_ESPECES,CREDIT,92000,1155751,1247751,AGENCE_GUICHET,VALIDE
TX-100634,2026-02-23 14:13:00,CLI-1027,Djeneba Fall,Yamoussoukro,PAIEMENT_FACTURE_EAU_ELEC,DEBIT,49000,1370566,1321566,MOBILE_MONEY_WAVE,VALIDE
TX-100635,2026-02-23 14:29:00,CLI-1059,Djeneba Touré,Yamoussoukro,TRANSFERT_P2P,DEBIT,1300,777747,776447,AGENCE_GUICHET,VALIDE
TX-100636,2026-02-23 16:07:00,CLI-1004,Fanta Fall,Bobo-Dioulasso,DEPOT_ESPECES,CREDIT,257000,232323,489323,VIREMENT_UEMOA,VALIDE
TX-100637,2026-02-23 16:21:00,CLI-1039,Nafi Barry,Niamey,DEPOT_ESPECES,CREDIT,459500,444427,903927,GAB_DISTRIBUTEUR,VALIDE
TX-100638,2026-02-23 18:12:00,CLI-1108,Awa Diop,Dakar,DEPOT_ESPECES,CREDIT,140000,631625,771625,TPE_COMMERCE_QR,VALIDE
TX-100639,2026-02-23 20:43:00,CLI-1082,Fanta Koné,Niamey,DEPOT_ESPECES,CREDIT,50500,63269,113769,MOBILE_MONEY_MTN,VALIDE
TX-100640,2026-02-23 21:33:00,CLI-1031,Bakary Ndiaye,Bouaké,PAIEMENT_MARCHAND,DEBIT,8900,1333554,1324654,MOBILE_MONEY_ORANGE,VALIDE
TX-100641,2026-02-23 21:55:00,CLI-1133,Moussa Ndiaye,Cotonou,FRAIS_TENUE_COMPTE,DEBIT,2600,758643,756043,VIREMENT_UEMOA,VALIDE
TX-100642,2026-02-23 23:23:00,CLI-1073,Adama Sylla,Abidjan,TRANSFERT_P2P,DEBIT,16448,32897,16449,MOBILE_MONEY_WAVE,VALIDE
TX-100643,2026-02-24 00:19:00,CLI-1142,Fatou Gueye,Abidjan,PAIEMENT_MARCHAND,DEBIT,50000,1426878,1376878,MOBILE_MONEY_MTN,VALIDE
TX-100644,2026-02-24 03:03:00,CLI-1145,Aïssatou Bamba,Yamoussoukro,TRANSFERT_P2P,DEBIT,97500,680945,583445,MOBILE_MONEY_ORANGE,VALIDE
TX-100645,2026-02-24 06:25:00,CLI-1119,Salif Koné,Bobo-Dioulasso,PAIEMENT_MARCHAND,DEBIT,66500,1519302,1452802,AGENCE_GUICHET,VALIDE
TX-100646,2026-02-24 09:44:00,CLI-1051,Bintou Traoré,Cotonou,TRANSFERT_P2P,DEBIT,72500,79203,6703,AGENCE_GUICHET,VALIDE
TX-100647,2026-02-24 11:33:00,CLI-1063,Salif Ouédraogo,Bamako,DEPOT_ESPECES,CREDIT,498500,4192648,4691148,MOBILE_MONEY_WAVE,VALIDE
TX-100648,2026-02-24 13:03:00,CLI-1060,Adama Ba,Saint-Louis,PAIEMENT_MARCHAND,DEBIT,3200,2282762,2279562,MOBILE_MONEY_WAVE,VALIDE
TX-100649,2026-02-24 14:26:00,CLI-1097,Moussa Gueye,Bamako,TRANSFERT_P2P,DEBIT,96000,886891,790891,MOBILE_MONEY_WAVE,VALIDE
TX-100650,2026-02-24 16:18:00,CLI-1053,Oumar Koffi,Dakar,PAIEMENT_MARCHAND,DEBIT,33000,71165,38165,VIREMENT_UEMOA,VALIDE
TX-100651,2026-02-24 19:25:00,CLI-1016,Kouassi Fall,Yamoussoukro,FRAIS_TENUE_COMPTE,DEBIT,1500,621339,619839,MOBILE_MONEY_MTN,VALIDE
TX-100652,2026-02-24 23:19:00,CLI-1024,Kouassi Barry,Ouagadougou,VIREMENT_SALAIRE,CREDIT,635000,1927645,2562645,AGENCE_GUICHET,VALIDE
TX-100653,2026-02-25 01:21:00,CLI-1134,Mariam Diallo,Cotonou,PAIEMENT_MARCHAND,DEBIT,50500,531767,481267,TPE_COMMERCE_QR,VALIDE
TX-100654,2026-02-25 02:00:00,CLI-1022,Aïssatou Ba,Yamoussoukro,RETRAIT_GAB,DEBIT,137000,701968,564968,TPE_COMMERCE_QR,VALIDE
TX-100655,2026-02-25 02:20:00,CLI-1101,Khadija Koffi,Dakar,VIREMENT_SALAIRE,CREDIT,1340500,202175,1542675,VIREMENT_UEMOA,VALIDE
TX-100656,2026-02-25 06:02:00,CLI-1034,Salif Fall,San-Pédro,DEPOT_ESPECES,CREDIT,146500,1625509,1772009,MOBILE_MONEY_MTN,VALIDE
TX-100657,2026-02-25 07:30:00,CLI-1101,Khadija Koffi,Dakar,TRANSFERT_P2P,DEBIT,97000,1542675,1445675,MOBILE_MONEY_MTN,VALIDE
TX-100658,2026-02-25 08:26:00,CLI-1116,Aminata Sangaré,Saint-Louis,DEPOT_ESPECES,CREDIT,49000,1775596,1824596,MOBILE_MONEY_ORANGE,VALIDE
TX-100659,2026-02-25 09:13:00,CLI-1150,Ibrahim Ndiaye,Yamoussoukro,VIREMENT_SALAIRE,CREDIT,371500,857839,1229339,VIREMENT_UEMOA,VALIDE
TX-100660,2026-02-25 11:35:00,CLI-1120,Salif Diop,Ouagadougou,PAIEMENT_MARCHAND,DEBIT,17500,2946328,2928828,MOBILE_MONEY_MTN,VALIDE
TX-100661,2026-02-25 12:47:00,CLI-1054,Sékou Camara,Saint-Louis,PAIEMENT_MARCHAND,DEBIT,1287,2575,1288,AGENCE_GUICHET,VALIDE
TX-100662,2026-02-25 14:09:00,CLI-1031,Bakary Ndiaye,Bouaké,VIREMENT_SALAIRE,CREDIT,1588500,1324654,2913154,AGENCE_GUICHET,VALIDE
TX-100663,2026-02-25 15:37:00,CLI-1011,Nafi Sow,Ouagadougou,DEPOT_ESPECES,CREDIT,459000,1306238,1765238,MOBILE_MONEY_ORANGE,VALIDE
TX-100664,2026-02-25 17:23:00,CLI-1024,Kouassi Barry,Ouagadougou,TRANSFERT_P2P,DEBIT,47500,2562645,2515145,GAB_DISTRIBUTEUR,VALIDE
TX-100665,2026-02-25 20:57:00,CLI-1013,Jean-Baptiste Coulibaly,Cotonou,RETRAIT_GAB,DEBIT,73000,2045834,1972834,MOBILE_MONEY_ORANGE,VALIDE
TX-100666,2026-02-25 23:24:00,CLI-1008,Adama Gueye,Niamey,PAIEMENT_FACTURE_EAU_ELEC,DEBIT,34500,3800825,3766325,TPE_COMMERCE_QR,VALIDE
TX-100667,2026-02-25 23:55:00,CLI-1141,Fanta Koffi,Lomé,DEPOT_ESPECES,CREDIT,252000,1988524,2240524,AGENCE_GUICHET,VALIDE
TX-100668,2026-02-26 03:32:00,CLI-1036,Aïssatou Ouédraogo,Saint-Louis,DEPOT_ESPECES,CREDIT,42000,1796102,1838102,AGENCE_GUICHET,VALIDE
TX-100669,2026-02-26 05:19:00,CLI-1057,Yao Barry,Bamako,DEPOT_ESPECES,CREDIT,441500,912084,1353584,MOBILE_MONEY_MTN,VALIDE
TX-100670,2026-02-26 09:18:00,CLI-1022,Aïssatou Ba,Yamoussoukro,RETRAIT_GAB,DEBIT,72500,564968,492468,AGENCE_GUICHET,VALIDE
TX-100671,2026-02-26 10:13:00,CLI-1020,Tidiane Coulibaly,Lomé,VIREMENT_SALAIRE,CREDIT,285000,1412182,1697182,TPE_COMMERCE_QR,VALIDE
TX-100672,2026-02-26 14:09:00,CLI-1114,Nafi Kouadio,Abidjan,TRANSFERT_P2P,DEBIT,13000,147728,134728,AGENCE_GUICHET,VALIDE
TX-100673,2026-02-26 14:26:00,CLI-1085,Djeneba Camara,Bamako,DEPOT_ESPECES,CREDIT,251500,47132,298632,MOBILE_MONEY_ORANGE,VALIDE
TX-100674,2026-02-26 16:38:00,CLI-1147,Moussa Coulibaly,Saint-Louis,PAIEMENT_MARCHAND,DEBIT,53500,1124521,1071021,MOBILE_MONEY_WAVE,VALIDE
TX-100675,2026-02-26 18:13:00,CLI-1098,Mariam Sanogo,Yamoussoukro,RETRAIT_GAB,DEBIT,50000,359471,309471,MOBILE_MONEY_ORANGE,VALIDE
TX-100676,2026-02-26 22:04:00,CLI-1048,Yao Barry,Ouagadougou,DEPOT_ESPECES,CREDIT,243500,1138146,1381646,MOBILE_MONEY_ORANGE,VALIDE
TX-100677,2026-02-26 23:11:00,CLI-1009,Oumar Fofana,Lomé,RETRAIT_GAB,DEBIT,166500,1215979,1049479,TPE_COMMERCE_QR,VALIDE
TX-100678,2026-02-27 01:18:00,CLI-1076,Seydou Diop,Ouagadougou,PAIEMENT_MARCHAND,DEBIT,74000,2461749,2387749,MOBILE_MONEY_WAVE,VALIDE
TX-100679,2026-02-27 03:10:00,CLI-1023,Mariam Gueye,Yamoussoukro,DEPOT_ESPECES,CREDIT,81500,1361503,1443003,MOBILE_MONEY_ORANGE,VALIDE
TX-100680,2026-02-27 05:34:00,CLI-1135,Adama Soro,Yamoussoukro,DEPOT_ESPECES,CREDIT,430500,3685186,4115686,AGENCE_GUICHET,VALIDE
TX-100681,2026-02-27 07:41:00,CLI-1005,Nafi Koné,Dakar,FRAIS_TENUE_COMPTE,DEBIT,2400,1245989,1243589,GAB_DISTRIBUTEUR,VALIDE
TX-100682,2026-02-27 09:08:00,CLI-1125,Sékou Diop,Ouagadougou,PAIEMENT_MARCHAND,DEBIT,67500,408774,341274,VIREMENT_UEMOA,VALIDE
TX-100683,2026-02-27 11:45:00,CLI-1070,Mamadou Coulibaly,Yamoussoukro,DEPOT_ESPECES,CREDIT,177000,455478,632478,MOBILE_MONEY_ORANGE,VALIDE
TX-100684,2026-02-27 13:01:00,CLI-1008,Adama Gueye,Niamey,PAIEMENT_FACTURE_EAU_ELEC,DEBIT,56000,3766325,3710325,MOBILE_MONEY_WAVE,VALIDE
TX-100685,2026-02-27 13:46:00,CLI-1121,Fatou Touré,Abidjan,PAIEMENT_MARCHAND,DEBIT,32500,3625129,3592629,MOBILE_MONEY_WAVE,VALIDE
TX-100686,2026-02-27 16:07:00,CLI-1064,Amadou Diallo,Abidjan,RETRAIT_GAB,DEBIT,74500,1098518,1024018,AGENCE_GUICHET,VALIDE
TX-100687,2026-02-27 18:39:00,CLI-1015,Seydou Fall,Niamey,TRANSFERT_P2P,DEBIT,29500,44390,14890,AGENCE_GUICHET,VALIDE
TX-100688,2026-02-27 19:29:00,CLI-1100,Abdoulaye Diallo,Bouaké,PAIEMENT_MARCHAND,DEBIT,1000,1834,834,MOBILE_MONEY_ORANGE,VALIDE
TX-100689,2026-02-27 21:05:00,CLI-1082,Fanta Koné,Niamey,TRANSFERT_P2P,DEBIT,92000,113769,21769,GAB_DISTRIBUTEUR,VALIDE
TX-100690,2026-02-27 23:35:00,CLI-1008,Adama Gueye,Niamey,TRANSFERT_P2P,DEBIT,47000,3710325,3663325,GAB_DISTRIBUTEUR,VALIDE
TX-100691,2026-02-28 03:14:00,CLI-1037,Bintou Diallo,Dakar,RETRAIT_GAB,DEBIT,54000,1336777,1282777,AGENCE_GUICHET,VALIDE
TX-100692,2026-02-28 05:24:00,CLI-1127,Aminata Sangaré,Niamey,PAIEMENT_MARCHAND,DEBIT,25000,1087443,1062443,MOBILE_MONEY_WAVE,VALIDE
TX-100693,2026-02-28 06:25:00,CLI-1024,Kouassi Barry,Ouagadougou,VIREMENT_SALAIRE,CREDIT,1411500,2515145,3926645,MOBILE_MONEY_WAVE,VALIDE
TX-100694,2026-02-28 10:24:00,CLI-1135,Adama Soro,Yamoussoukro,PAIEMENT_MARCHAND,DEBIT,45000,4115686,4070686,GAB_DISTRIBUTEUR,VALIDE
TX-100695,2026-02-28 13:32:00,CLI-1052,Fanta Touré,Abidjan,TRANSFERT_P2P,DEBIT,45500,932667,887167,MOBILE_MONEY_ORANGE,VALIDE
TX-100696,2026-02-28 16:07:00,CLI-1083,Amadou Sanogo,Bouaké,VIREMENT_SALAIRE,CREDIT,459500,494271,953771,TPE_COMMERCE_QR,VALIDE
TX-100697,2026-02-28 19:52:00,CLI-1037,Bintou Diallo,Dakar,TRANSFERT_P2P,DEBIT,69500,1282777,1213277,MOBILE_MONEY_MTN,VALIDE
TX-100698,2026-02-28 22:27:00,CLI-1019,Oumar Touré,Bamako,PAIEMENT_MARCHAND,DEBIT,12167,24335,12168,MOBILE_MONEY_WAVE,VALIDE
TX-100699,2026-02-28 23:12:00,CLI-1087,Sékou Fall,San-Pédro,PAIEMENT_MARCHAND,DEBIT,19500,761837,742337,TPE_COMMERCE_QR,VALIDE
TX-100700,2026-03-01 02:03:00,CLI-1112,Adama Kouadio,Bouaké,TRANSFERT_P2P,DEBIT,64500,1742919,1678419,MOBILE_MONEY_MTN,VALIDE
TX-100701,2026-03-01 05:05:00,CLI-1045,Seydou Traoré,Saint-Louis,TRANSFERT_P2P,DEBIT,74500,354366,279866,GAB_DISTRIBUTEUR,VALIDE
TX-100702,2026-03-01 08:38:00,CLI-1092,Tidiane Ouédraogo,Dakar,DEPOT_ESPECES,CREDIT,318500,725278,1043778,MOBILE_MONEY_ORANGE,VALIDE
TX-100703,2026-03-01 09:15:00,CLI-1097,Moussa Gueye,Bamako,PAIEMENT_MARCHAND,DEBIT,40500,790891,750391,MOBILE_MONEY_ORANGE,VALIDE
TX-100704,2026-03-01 11:00:00,CLI-1001,Adama Coulibaly,San-Pédro,PAIEMENT_FACTURE_EAU_ELEC,DEBIT,42500,152951,110451,AGENCE_GUICHET,VALIDE
TX-100705,2026-03-01 12:26:00,CLI-1146,Abdoulaye Sow,Cotonou,VIREMENT_SALAIRE,CREDIT,1413000,1247751,2660751,AGENCE_GUICHET,VALIDE
TX-100706,2026-03-01 14:38:00,CLI-1057,Yao Barry,Bamako,RETRAIT_GAB,DEBIT,32000,1353584,1321584,MOBILE_MONEY_ORANGE,VALIDE
TX-100707,2026-03-01 16:11:00,CLI-1085,Djeneba Camara,Bamako,TRANSFERT_P2P,DEBIT,32000,298632,266632,MOBILE_MONEY_MTN,VALIDE
TX-100708,2026-03-01 19:46:00,CLI-1043,Hawa Kouadio,Cotonou,RETRAIT_GAB,DEBIT,28000,1298994,1270994,TPE_COMMERCE_QR,VALIDE
TX-100709,2026-03-01 20:44:00,CLI-1086,Cheikh Ndiaye,Bobo-Dioulasso,PAIEMENT_MARCHAND,DEBIT,36500,2751648,2715148,MOBILE_MONEY_ORANGE,VALIDE
TX-100710,2026-03-01 23:53:00,CLI-1018,Djeneba Diallo,Yamoussoukro,PAIEMENT_MARCHAND,DEBIT,16000,678100,662100,MOBILE_MONEY_WAVE,VALIDE
TX-100711,2026-03-02 00:40:00,CLI-1013,Jean-Baptiste Coulibaly,Cotonou,PAIEMENT_MARCHAND,DEBIT,57000,1972834,1915834,VIREMENT_UEMOA,VALIDE
TX-100712,2026-03-02 03:04:00,CLI-1127,Aminata Sangaré,Niamey,PAIEMENT_FACTURE_EAU_ELEC,DEBIT,28000,1062443,1034443,VIREMENT_UEMOA,VALIDE
TX-100713,2026-03-02 05:55:00,CLI-1026,Seydou Sanogo,Yamoussoukro,TRANSFERT_P2P,DEBIT,76500,387121,310621,AGENCE_GUICHET,VALIDE
TX-100714,2026-03-02 09:24:00,CLI-1058,Abdoulaye Fall,Bamako,DEPOT_ESPECES,CREDIT,48500,1408257,1456757,AGENCE_GUICHET,VALIDE
TX-100715,2026-03-02 10:35:00,CLI-1009,Oumar Fofana,Lomé,DEPOT_ESPECES,CREDIT,177000,1049479,1226479,MOBILE_MONEY_WAVE,VALIDE
TX-100716,2026-03-02 11:21:00,CLI-1019,Oumar Touré,Bamako,PAIEMENT_MARCHAND,DEBIT,6084,12168,6084,TPE_COMMERCE_QR,VALIDE
TX-100717,2026-03-02 12:52:00,CLI-1020,Tidiane Coulibaly,Lomé,PAIEMENT_MARCHAND,DEBIT,14000,1697182,1683182,GAB_DISTRIBUTEUR,VALIDE
TX-100718,2026-03-02 15:44:00,CLI-1124,Hawa Fall,Bobo-Dioulasso,TRANSFERT_P2P,DEBIT,57500,913135,855635,MOBILE_MONEY_ORANGE,VALIDE
TX-100719,2026-03-02 17:13:00,CLI-1112,Adama Kouadio,Bouaké,DEPOT_ESPECES,CREDIT,63000,1678419,1741419,MOBILE_MONEY_ORANGE,VALIDE
TX-100720,2026-03-02 20:22:00,CLI-1049,Aïssatou Cissé,Saint-Louis,PAIEMENT_MARCHAND,DEBIT,74500,2119759,2045259,TPE_COMMERCE_QR,VALIDE
TX-100721,2026-03-02 21:43:00,CLI-1139,Nafi Ba,Niamey,DEPOT_ESPECES,CREDIT,157500,865729,1023229,MOBILE_MONEY_ORANGE,VALIDE
TX-100722,2026-03-03 00:08:00,CLI-1025,Salif Sangaré,Ouagadougou,VIREMENT_SALAIRE,CREDIT,1349000,923905,2272905,AGENCE_GUICHET,VALIDE
TX-100723,2026-03-03 00:13:00,CLI-1126,Boubacar Cissé,Abidjan,DEPOT_ESPECES,CREDIT,199000,994344,1193344,VIREMENT_UEMOA,VALIDE
TX-100724,2026-03-03 02:58:00,CLI-1023,Mariam Gueye,Yamoussoukro,DEPOT_ESPECES,CREDIT,357000,1443003,1800003,GAB_DISTRIBUTEUR,VALIDE
TX-100725,2026-03-03 03:55:00,CLI-1123,Oumar Kane,Cotonou,DEPOT_ESPECES,CREDIT,23000,1373073,1396073,MOBILE_MONEY_ORANGE,VALIDE
TX-100726,2026-03-03 07:36:00,CLI-1075,Oumar Ndiaye,Saint-Louis,FRAIS_TENUE_COMPTE,DEBIT,2900,410896,407996,MOBILE_MONEY_WAVE,VALIDE
TX-100727,2026-03-03 09:46:00,CLI-1079,Adama Fall,Dakar,TRANSFERT_P2P,DEBIT,62500,312225,249725,TPE_COMMERCE_QR,VALIDE
TX-100728,2026-03-03 11:30:00,CLI-1068,Ibrahim Sangaré,Bobo-Dioulasso,VIREMENT_SALAIRE,CREDIT,1291000,875064,2166064,MOBILE_MONEY_ORANGE,VALIDE
TX-100729,2026-03-03 12:22:00,CLI-1095,Nafi Kane,Bobo-Dioulasso,PAIEMENT_FACTURE_EAU_ELEC,DEBIT,29000,1215049,1186049,VIREMENT_UEMOA,VALIDE
TX-100730,2026-03-03 13:34:00,CLI-1012,Mamadou Sow,Dakar,DEPOT_ESPECES,CREDIT,253500,3684550,3938050,MOBILE_MONEY_ORANGE,VALIDE
TX-100731,2026-03-03 16:51:00,CLI-1069,Bintou Ouédraogo,Niamey,RETRAIT_GAB,DEBIT,44500,2014396,1969896,TPE_COMMERCE_QR,VALIDE
TX-100732,2026-03-03 20:22:00,CLI-1025,Salif Sangaré,Ouagadougou,VIREMENT_SALAIRE,CREDIT,870500,2272905,3143405,GAB_DISTRIBUTEUR,VALIDE
TX-100733,2026-03-03 21:25:00,CLI-1106,Boubacar Sylla,Abidjan,FRAIS_TENUE_COMPTE,DEBIT,3400,1159269,1155869,GAB_DISTRIBUTEUR,VALIDE
TX-100734,2026-03-03 23:17:00,CLI-1016,Kouassi Fall,Yamoussoukro,TRANSFERT_P2P,DEBIT,69000,619839,550839,GAB_DISTRIBUTEUR,VALIDE
TX-100735,2026-03-04 01:23:00,CLI-1122,Fanta Ba,Yamoussoukro,RETRAIT_GAB,DEBIT,66500,356562,290062,MOBILE_MONEY_MTN,VALIDE
TX-100736,2026-03-04 03:36:00,CLI-1021,Seydou Sylla,Ouagadougou,PAIEMENT_MARCHAND,DEBIT,6500,1109608,1103108,GAB_DISTRIBUTEUR,VALIDE
TX-100737,2026-03-04 06:19:00,CLI-1133,Moussa Ndiaye,Cotonou,TRANSFERT_P2P,DEBIT,89500,756043,666543,MOBILE_MONEY_ORANGE,VALIDE
TX-100738,2026-03-04 07:08:00,CLI-1031,Bakary Ndiaye,Bouaké,PAIEMENT_FACTURE_EAU_ELEC,DEBIT,34000,2913154,2879154,MOBILE_MONEY_ORANGE,VALIDE
TX-100739,2026-03-04 07:23:00,CLI-1055,Hawa Diop,Yamoussoukro,TRANSFERT_P2P,DEBIT,17500,227156,209656,VIREMENT_UEMOA,VALIDE
TX-100740,2026-03-04 08:19:00,CLI-1021,Seydou Sylla,Ouagadougou,FRAIS_TENUE_COMPTE,DEBIT,2700,1103108,1100408,AGENCE_GUICHET,VALIDE
TX-100741,2026-03-04 09:45:00,CLI-1038,Ibrahim Sylla,Yamoussoukro,TRANSFERT_P2P,DEBIT,34500,2191806,2157306,TPE_COMMERCE_QR,VALIDE
TX-100742,2026-03-04 11:31:00,CLI-1018,Djeneba Diallo,Yamoussoukro,VIREMENT_SALAIRE,CREDIT,1316500,662100,1978600,GAB_DISTRIBUTEUR,VALIDE
TX-100743,2026-03-04 13:33:00,CLI-1084,Cheikh Bamba,Yamoussoukro,TRANSFERT_P2P,DEBIT,69000,870530,801530,AGENCE_GUICHET,VALIDE
TX-100744,2026-03-04 16:08:00,CLI-1004,Fanta Fall,Bobo-Dioulasso,TRANSFERT_P2P,DEBIT,82500,489323,406823,GAB_DISTRIBUTEUR,VALIDE
TX-100745,2026-03-04 16:50:00,CLI-1108,Awa Diop,Dakar,VIREMENT_SALAIRE,CREDIT,463500,771625,1235125,GAB_DISTRIBUTEUR,VALIDE
TX-100746,2026-03-04 17:22:00,CLI-1150,Ibrahim Ndiaye,Yamoussoukro,TRANSFERT_P2P,DEBIT,14000,1229339,1215339,GAB_DISTRIBUTEUR,VALIDE
TX-100747,2026-03-04 21:12:00,CLI-1026,Seydou Sanogo,Yamoussoukro,TRANSFERT_P2P,DEBIT,71000,310621,239621,MOBILE_MONEY_MTN,VALIDE
TX-100748,2026-03-04 23:21:00,CLI-1106,Boubacar Sylla,Abidjan,DEPOT_ESPECES,CREDIT,353000,1155869,1508869,GAB_DISTRIBUTEUR,VALIDE
TX-100749,2026-03-05 01:09:00,CLI-1122,Fanta Ba,Yamoussoukro,VIREMENT_SALAIRE,CREDIT,727500,290062,1017562,MOBILE_MONEY_ORANGE,VALIDE
TX-100750,2026-03-05 04:10:00,CLI-1103,Ibrahim Ba,Bamako,VIREMENT_SALAIRE,CREDIT,845000,23583,868583,MOBILE_MONEY_ORANGE,VALIDE
TX-100751,2026-03-05 08:04:00,CLI-1013,Jean-Baptiste Coulibaly,Cotonou,TRANSFERT_P2P,DEBIT,36000,1915834,1879834,MOBILE_MONEY_MTN,VALIDE
TX-100752,2026-03-05 09:28:00,CLI-1006,Mamadou Ouédraogo,Bobo-Dioulasso,PAIEMENT_MARCHAND,DEBIT,41500,1953706,1912206,MOBILE_MONEY_MTN,VALIDE
TX-100753,2026-03-05 09:58:00,CLI-1126,Boubacar Cissé,Abidjan,TRANSFERT_P2P,DEBIT,90500,1193344,1102844,AGENCE_GUICHET,VALIDE
TX-100754,2026-03-05 11:56:00,CLI-1059,Djeneba Touré,Yamoussoukro,DEPOT_ESPECES,CREDIT,399500,776447,1175947,AGENCE_GUICHET,VALIDE
TX-100755,2026-03-05 14:35:00,CLI-1083,Amadou Sanogo,Bouaké,DEPOT_ESPECES,CREDIT,228500,953771,1182271,TPE_COMMERCE_QR,VALIDE
TX-100756,2026-03-05 18:33:00,CLI-1023,Mariam Gueye,Yamoussoukro,DEPOT_ESPECES,CREDIT,120500,1800003,1920503,AGENCE_GUICHET,VALIDE
TX-100757,2026-03-05 22:20:00,CLI-1105,Clarisse Fall,Bobo-Dioulasso,TRANSFERT_P2P,DEBIT,68500,560424,491924,MOBILE_MONEY_MTN,VALIDE
TX-100758,2026-03-05 22:41:00,CLI-1015,Seydou Fall,Niamey,PAIEMENT_MARCHAND,DEBIT,7445,14890,7445,MOBILE_MONEY_MTN,VALIDE
TX-100759,2026-03-06 02:31:00,CLI-1130,Tidiane Koné,Bamako,PAIEMENT_MARCHAND,DEBIT,70500,2067708,1997208,GAB_DISTRIBUTEUR,VALIDE
TX-100760,2026-03-06 06:09:00,CLI-1008,Adama Gueye,Niamey,DEPOT_ESPECES,CREDIT,468500,3663325,4131825,MOBILE_MONEY_ORANGE,VALIDE
TX-100761,2026-03-06 06:26:00,CLI-1015,Seydou Fall,Niamey,DEPOT_ESPECES,CREDIT,249000,7445,256445,MOBILE_MONEY_MTN,VALIDE
TX-100762,2026-03-06 08:29:00,CLI-1051,Bintou Traoré,Cotonou,DEPOT_ESPECES,CREDIT,441500,6703,448203,GAB_DISTRIBUTEUR,VALIDE
TX-100763,2026-03-06 11:28:00,CLI-1102,Salif Ndiaye,Lomé,RETRAIT_GAB,DEBIT,37000,773217,736217,MOBILE_MONEY_WAVE,VALIDE
TX-100764,2026-03-06 12:18:00,CLI-1062,Kouassi Sow,Bobo-Dioulasso,PAIEMENT_MARCHAND,DEBIT,1244,2488,1244,AGENCE_GUICHET,VALIDE
TX-100765,2026-03-06 13:51:00,CLI-1122,Fanta Ba,Yamoussoukro,RETRAIT_GAB,DEBIT,96500,1017562,921062,MOBILE_MONEY_ORANGE,VALIDE
TX-100766,2026-03-06 14:19:00,CLI-1067,Moussa Camara,Saint-Louis,TRANSFERT_P2P,DEBIT,91000,499287,408287,MOBILE_MONEY_MTN,VALIDE
TX-100767,2026-03-06 18:02:00,CLI-1008,Adama Gueye,Niamey,PAIEMENT_MARCHAND,DEBIT,23000,4131825,4108825,GAB_DISTRIBUTEUR,VALIDE
TX-100768,2026-03-06 19:04:00,CLI-1055,Hawa Diop,Yamoussoukro,TRANSFERT_P2P,DEBIT,85500,209656,124156,TPE_COMMERCE_QR,VALIDE
TX-100769,2026-03-06 21:20:00,CLI-1053,Oumar Koffi,Dakar,DEPOT_ESPECES,CREDIT,224500,38165,262665,MOBILE_MONEY_WAVE,VALIDE
TX-100770,2026-03-07 00:10:00,CLI-1003,Sékou Coulibaly,San-Pédro,PAIEMENT_MARCHAND,DEBIT,19000,1284641,1265641,MOBILE_MONEY_ORANGE,VALIDE
TX-100771,2026-03-07 03:41:00,CLI-1003,Sékou Coulibaly,San-Pédro,DEPOT_ESPECES,CREDIT,328500,1265641,1594141,MOBILE_MONEY_MTN,VALIDE
TX-100772,2026-03-07 07:24:00,CLI-1071,Nafi Ba,Niamey,PAIEMENT_MARCHAND,DEBIT,51000,1520308,1469308,MOBILE_MONEY_MTN,VALIDE
TX-100773,2026-03-07 08:46:00,CLI-1118,Awa Diallo,Ouagadougou,DEPOT_ESPECES,CREDIT,254500,2840873,3095373,TPE_COMMERCE_QR,VALIDE
TX-100774,2026-03-07 11:20:00,CLI-1134,Mariam Diallo,Cotonou,TRANSFERT_P2P,DEBIT,53000,481267,428267,MOBILE_MONEY_WAVE,VALIDE
TX-100775,2026-03-07 13:48:00,CLI-1002,Mariam Ouédraogo,Ouagadougou,PAIEMENT_MARCHAND,DEBIT,51000,463106,412106,TPE_COMMERCE_QR,VALIDE
TX-100776,2026-03-07 15:56:00,CLI-1073,Adama Sylla,Abidjan,DEPOT_ESPECES,CREDIT,66500,16449,82949,MOBILE_MONEY_WAVE,VALIDE
TX-100777,2026-03-07 19:41:00,CLI-1087,Sékou Fall,San-Pédro,FRAIS_TENUE_COMPTE,DEBIT,2300,742337,740037,MOBILE_MONEY_MTN,VALIDE
TX-100778,2026-03-07 21:02:00,CLI-1067,Moussa Camara,Saint-Louis,RETRAIT_GAB,DEBIT,175500,408287,232787,MOBILE_MONEY_ORANGE,VALIDE
TX-100779,2026-03-08 00:57:00,CLI-1039,Nafi Barry,Niamey,PAIEMENT_MARCHAND,DEBIT,33000,903927,870927,MOBILE_MONEY_WAVE,VALIDE
TX-100780,2026-03-08 01:37:00,CLI-1104,Aïssatou Touré,Bouaké,RETRAIT_GAB,DEBIT,16859,33719,16860,TPE_COMMERCE_QR,VALIDE
TX-100781,2026-03-08 02:48:00,CLI-1007,Amadou Fall,San-Pédro,RETRAIT_GAB,DEBIT,82000,2702992,2620992,VIREMENT_UEMOA,VALIDE
TX-100782,2026-03-08 05:22:00,CLI-1104,Aïssatou Touré,Bouaké,PAIEMENT_MARCHAND,DEBIT,6600,16860,10260,TPE_COMMERCE_QR,VALIDE
TX-100783,2026-03-08 08:32:00,CLI-1147,Moussa Coulibaly,Saint-Louis,TRANSFERT_P2P,DEBIT,45500,1071021,1025521,TPE_COMMERCE_QR,VALIDE
TX-100784,2026-03-08 11:57:00,CLI-1057,Yao Barry,Bamako,RETRAIT_GAB,DEBIT,172000,1321584,1149584,VIREMENT_UEMOA,VALIDE
TX-100785,2026-03-08 15:37:00,CLI-1092,Tidiane Ouédraogo,Dakar,PAIEMENT_MARCHAND,DEBIT,24000,1043778,1019778,TPE_COMMERCE_QR,VALIDE
TX-100786,2026-03-08 17:42:00,CLI-1143,Yao Fall,San-Pédro,DEPOT_ESPECES,CREDIT,61000,2927943,2988943,MOBILE_MONEY_ORANGE,VALIDE
TX-100787,2026-03-08 21:02:00,CLI-1067,Moussa Camara,Saint-Louis,TRANSFERT_P2P,DEBIT,74000,232787,158787,MOBILE_MONEY_ORANGE,VALIDE
TX-100788,2026-03-08 22:37:00,CLI-1086,Cheikh Ndiaye,Bobo-Dioulasso,RETRAIT_GAB,DEBIT,63000,2715148,2652148,MOBILE_MONEY_ORANGE,VALIDE
TX-100789,2026-03-09 00:17:00,CLI-1079,Adama Fall,Dakar,PAIEMENT_MARCHAND,DEBIT,45000,249725,204725,MOBILE_MONEY_MTN,VALIDE
TX-100790,2026-03-09 00:52:00,CLI-1150,Ibrahim Ndiaye,Yamoussoukro,DEPOT_ESPECES,CREDIT,456000,1215339,1671339,VIREMENT_UEMOA,VALIDE
TX-100791,2026-03-09 03:25:00,CLI-1014,Khadija Kouadio,San-Pédro,TRANSFERT_P2P,DEBIT,77000,1173722,1096722,GAB_DISTRIBUTEUR,VALIDE
TX-100792,2026-03-09 05:38:00,CLI-1019,Oumar Touré,Bamako,PAIEMENT_MARCHAND,DEBIT,3042,6084,3042,MOBILE_MONEY_WAVE,VALIDE
TX-100793,2026-03-09 05:56:00,CLI-1098,Mariam Sanogo,Yamoussoukro,PAIEMENT_MARCHAND,DEBIT,56000,309471,253471,AGENCE_GUICHET,VALIDE
TX-100794,2026-03-09 07:28:00,CLI-1039,Nafi Barry,Niamey,DEPOT_ESPECES,CREDIT,115000,870927,985927,VIREMENT_UEMOA,VALIDE
TX-100795,2026-03-09 08:09:00,CLI-1146,Abdoulaye Sow,Cotonou,PAIEMENT_FACTURE_EAU_ELEC,DEBIT,34500,2660751,2626251,MOBILE_MONEY_MTN,VALIDE
TX-100796,2026-03-09 09:39:00,CLI-1047,Tidiane Sylla,Yamoussoukro,TRANSFERT_P2P,DEBIT,64500,611384,546884,TPE_COMMERCE_QR,VALIDE
TX-100797,2026-03-09 09:45:00,CLI-1046,Hawa Cissé,Dakar,PAIEMENT_MARCHAND,DEBIT,9600,1079585,1069985,VIREMENT_UEMOA,VALIDE
TX-100798,2026-03-09 10:33:00,CLI-1071,Nafi Ba,Niamey,DEPOT_ESPECES,CREDIT,415500,1469308,1884808,GAB_DISTRIBUTEUR,VALIDE
TX-100799,2026-03-09 11:11:00,CLI-1041,Mariam Fall,Yamoussoukro,PAIEMENT_MARCHAND,DEBIT,13500,17539,4039,GAB_DISTRIBUTEUR,VALIDE
TX-100800,2026-03-09 13:05:00,CLI-1112,Adama Kouadio,Bouaké,RETRAIT_GAB,DEBIT,110500,1741419,1630919,VIREMENT_UEMOA,VALIDE
TX-100801,2026-03-09 14:01:00,CLI-1099,Adama Touré,Cotonou,VIREMENT_SALAIRE,CREDIT,1269000,1261369,2530369,TPE_COMMERCE_QR,VALIDE
TX-100802,2026-03-09 17:19:00,CLI-1096,Yao Sow,Bamako,PAIEMENT_FACTURE_EAU_ELEC,DEBIT,26000,280365,254365,AGENCE_GUICHET,VALIDE
TX-100803,2026-03-09 17:25:00,CLI-1136,Clarisse Fall,Abidjan,DEPOT_ESPECES,CREDIT,364500,979971,1344471,TPE_COMMERCE_QR,VALIDE
TX-100804,2026-03-09 18:58:00,CLI-1064,Amadou Diallo,Abidjan,DEPOT_ESPECES,CREDIT,469500,1024018,1493518,MOBILE_MONEY_MTN,VALIDE
TX-100805,2026-03-09 21:33:00,CLI-1034,Salif Fall,San-Pédro,VIREMENT_SALAIRE,CREDIT,1205500,1772009,2977509,MOBILE_MONEY_MTN,VALIDE
TX-100806,2026-03-09 22:54:00,CLI-1043,Hawa Kouadio,Cotonou,VIREMENT_SALAIRE,CREDIT,245500,1270994,1516494,MOBILE_MONEY_MTN,VALIDE
TX-100807,2026-03-10 01:13:00,CLI-1117,Djeneba Bamba,Abidjan,TRANSFERT_P2P,DEBIT,79000,3441806,3362806,MOBILE_MONEY_MTN,VALIDE
TX-100808,2026-03-10 02:45:00,CLI-1112,Adama Kouadio,Bouaké,PAIEMENT_FACTURE_EAU_ELEC,DEBIT,13500,1630919,1617419,VIREMENT_UEMOA,VALIDE
TX-100809,2026-03-10 06:42:00,CLI-1092,Tidiane Ouédraogo,Dakar,TRANSFERT_P2P,DEBIT,22500,1019778,997278,AGENCE_GUICHET,VALIDE
TX-100810,2026-03-10 09:53:00,CLI-1104,Aïssatou Touré,Bouaké,VIREMENT_SALAIRE,CREDIT,620000,10260,630260,MOBILE_MONEY_ORANGE,VALIDE
TX-100811,2026-03-10 12:07:00,CLI-1055,Hawa Diop,Yamoussoukro,TRANSFERT_P2P,DEBIT,78000,124156,46156,MOBILE_MONEY_ORANGE,VALIDE
TX-100812,2026-03-10 13:48:00,CLI-1032,Jean-Baptiste Sylla,Ouagadougou,PAIEMENT_MARCHAND,DEBIT,6800,1866782,1859982,TPE_COMMERCE_QR,VALIDE
TX-100813,2026-03-10 14:05:00,CLI-1066,Kouassi Soro,Lomé,TRANSFERT_P2P,DEBIT,82500,581931,499431,GAB_DISTRIBUTEUR,VALIDE
TX-100814,2026-03-10 17:44:00,CLI-1013,Jean-Baptiste Coulibaly,Cotonou,RETRAIT_GAB,DEBIT,176000,1879834,1703834,MOBILE_MONEY_WAVE,VALIDE
TX-100815,2026-03-10 19:42:00,CLI-1013,Jean-Baptiste Coulibaly,Cotonou,RETRAIT_GAB,DEBIT,114000,1703834,1589834,VIREMENT_UEMOA,VALIDE
TX-100816,2026-03-10 22:46:00,CLI-1032,Jean-Baptiste Sylla,Ouagadougou,PAIEMENT_MARCHAND,DEBIT,64000,1859982,1795982,MOBILE_MONEY_ORANGE,VALIDE
TX-100817,2026-03-10 22:53:00,CLI-1053,Oumar Koffi,Dakar,RETRAIT_GAB,DEBIT,170000,262665,92665,MOBILE_MONEY_MTN,VALIDE
TX-100818,2026-03-11 01:11:00,CLI-1108,Awa Diop,Dakar,RETRAIT_GAB,DEBIT,178500,1235125,1056625,MOBILE_MONEY_MTN,VALIDE
TX-100819,2026-03-11 03:26:00,CLI-1036,Aïssatou Ouédraogo,Saint-Louis,PAIEMENT_MARCHAND,DEBIT,15500,1838102,1822602,TPE_COMMERCE_QR,VALIDE
TX-100820,2026-03-11 03:58:00,CLI-1031,Bakary Ndiaye,Bouaké,DEPOT_ESPECES,CREDIT,421000,2879154,3300154,VIREMENT_UEMOA,VALIDE
TX-100821,2026-03-11 07:35:00,CLI-1051,Bintou Traoré,Cotonou,RETRAIT_GAB,DEBIT,73500,448203,374703,GAB_DISTRIBUTEUR,VALIDE
TX-100822,2026-03-11 08:55:00,CLI-1052,Fanta Touré,Abidjan,PAIEMENT_MARCHAND,DEBIT,55500,887167,831667,MOBILE_MONEY_ORANGE,VALIDE
TX-100823,2026-03-11 11:56:00,CLI-1011,Nafi Sow,Ouagadougou,PAIEMENT_MARCHAND,DEBIT,29000,1765238,1736238,VIREMENT_UEMOA,VALIDE
TX-100824,2026-03-11 14:52:00,CLI-1085,Djeneba Camara,Bamako,DEPOT_ESPECES,CREDIT,16500,266632,283132,MOBILE_MONEY_WAVE,VALIDE
TX-100825,2026-03-11 17:03:00,CLI-1029,Boubacar Sow,Lomé,TRANSFERT_P2P,DEBIT,88500,2425803,2337303,MOBILE_MONEY_ORANGE,VALIDE
TX-100826,2026-03-11 20:13:00,CLI-1024,Kouassi Barry,Ouagadougou,TRANSFERT_P2P,DEBIT,10500,3926645,3916145,TPE_COMMERCE_QR,VALIDE
TX-100827,2026-03-11 21:17:00,CLI-1026,Seydou Sanogo,Yamoussoukro,PAIEMENT_FACTURE_EAU_ELEC,DEBIT,47000,239621,192621,VIREMENT_UEMOA,VALIDE
TX-100828,2026-03-11 21:47:00,CLI-1076,Seydou Diop,Ouagadougou,DEPOT_ESPECES,CREDIT,36000,2387749,2423749,AGENCE_GUICHET,VALIDE
TX-100829,2026-03-11 23:24:00,CLI-1045,Seydou Traoré,Saint-Louis,TRANSFERT_P2P,DEBIT,39000,279866,240866,AGENCE_GUICHET,VALIDE
TX-100830,2026-03-11 23:53:00,CLI-1081,Bintou Camara,Niamey,PAIEMENT_MARCHAND,DEBIT,17000,208260,191260,AGENCE_GUICHET,VALIDE
TX-100831,2026-03-12 02:47:00,CLI-1012,Mamadou Sow,Dakar,VIREMENT_SALAIRE,CREDIT,440000,3938050,4378050,TPE_COMMERCE_QR,VALIDE
TX-100832,2026-03-12 05:31:00,CLI-1044,Awa Touré,Ouagadougou,PAIEMENT_MARCHAND,DEBIT,59000,774768,715768,MOBILE_MONEY_MTN,VALIDE
TX-100833,2026-03-12 06:22:00,CLI-1024,Kouassi Barry,Ouagadougou,PAIEMENT_MARCHAND,DEBIT,46500,3916145,3869645,MOBILE_MONEY_WAVE,VALIDE
TX-100834,2026-03-12 07:36:00,CLI-1103,Ibrahim Ba,Bamako,PAIEMENT_MARCHAND,DEBIT,61500,868583,807083,AGENCE_GUICHET,VALIDE
TX-100835,2026-03-12 11:05:00,CLI-1099,Adama Touré,Cotonou,RETRAIT_GAB,DEBIT,130000,2530369,2400369,VIREMENT_UEMOA,VALIDE
TX-100836,2026-03-12 14:15:00,CLI-1043,Hawa Kouadio,Cotonou,VIREMENT_SALAIRE,CREDIT,1609500,1516494,3125994,MOBILE_MONEY_WAVE,VALIDE
TX-100837,2026-03-12 16:23:00,CLI-1041,Mariam Fall,Yamoussoukro,VIREMENT_SALAIRE,CREDIT,1388500,4039,1392539,AGENCE_GUICHET,VALIDE
TX-100838,2026-03-12 19:04:00,CLI-1146,Abdoulaye Sow,Cotonou,RETRAIT_GAB,DEBIT,52500,2626251,2573751,VIREMENT_UEMOA,VALIDE
TX-100839,2026-03-12 22:54:00,CLI-1092,Tidiane Ouédraogo,Dakar,RETRAIT_GAB,DEBIT,184000,997278,813278,AGENCE_GUICHET,VALIDE
TX-100840,2026-03-12 23:27:00,CLI-1034,Salif Fall,San-Pédro,PAIEMENT_MARCHAND,DEBIT,65500,2977509,2912009,VIREMENT_UEMOA,VALIDE
TX-100841,2026-03-13 02:19:00,CLI-1113,Mariam Koné,Yamoussoukro,VIREMENT_SALAIRE,CREDIT,698500,412963,1111463,MOBILE_MONEY_MTN,VALIDE
TX-100842,2026-03-13 04:38:00,CLI-1004,Fanta Fall,Bobo-Dioulasso,TRANSFERT_P2P,DEBIT,89500,406823,317323,AGENCE_GUICHET,VALIDE
TX-100843,2026-03-13 07:34:00,CLI-1148,Cheikh Kane,Cotonou,TRANSFERT_P2P,DEBIT,30000,849762,819762,AGENCE_GUICHET,VALIDE
TX-100844,2026-03-13 09:29:00,CLI-1087,Sékou Fall,San-Pédro,PAIEMENT_MARCHAND,DEBIT,14000,740037,726037,TPE_COMMERCE_QR,VALIDE
TX-100845,2026-03-13 10:12:00,CLI-1064,Amadou Diallo,Abidjan,PAIEMENT_MARCHAND,DEBIT,52000,1493518,1441518,AGENCE_GUICHET,VALIDE
TX-100846,2026-03-13 10:30:00,CLI-1143,Yao Fall,San-Pédro,PAIEMENT_FACTURE_EAU_ELEC,DEBIT,45000,2988943,2943943,MOBILE_MONEY_WAVE,VALIDE
TX-100847,2026-03-13 14:13:00,CLI-1041,Mariam Fall,Yamoussoukro,PAIEMENT_MARCHAND,DEBIT,63500,1392539,1329039,VIREMENT_UEMOA,VALIDE
TX-100848,2026-03-13 15:40:00,CLI-1043,Hawa Kouadio,Cotonou,VIREMENT_SALAIRE,CREDIT,1181000,3125994,4306994,MOBILE_MONEY_ORANGE,VALIDE
TX-100849,2026-03-13 17:54:00,CLI-1085,Djeneba Camara,Bamako,FRAIS_TENUE_COMPTE,DEBIT,1200,283132,281932,MOBILE_MONEY_ORANGE,VALIDE
TX-100850,2026-03-13 21:28:00,CLI-1141,Fanta Koffi,Lomé,RETRAIT_GAB,DEBIT,110500,2240524,2130024,MOBILE_MONEY_ORANGE,VALIDE
TX-100851,2026-03-13 21:55:00,CLI-1021,Seydou Sylla,Ouagadougou,PAIEMENT_MARCHAND,DEBIT,60500,1100408,1039908,AGENCE_GUICHET,VALIDE
TX-100852,2026-03-14 00:07:00,CLI-1128,Boubacar Kane,Lomé,PAIEMENT_MARCHAND,DEBIT,17500,341944,324444,TPE_COMMERCE_QR,VALIDE
TX-100853,2026-03-14 00:21:00,CLI-1005,Nafi Koné,Dakar,VIREMENT_SALAIRE,CREDIT,1014500,1243589,2258089,GAB_DISTRIBUTEUR,VALIDE
TX-100854,2026-03-14 03:48:00,CLI-1141,Fanta Koffi,Lomé,VIREMENT_SALAIRE,CREDIT,340500,2130024,2470524,GAB_DISTRIBUTEUR,VALIDE
TX-100855,2026-03-14 04:45:00,CLI-1078,Seydou Fall,Abidjan,PAIEMENT_FACTURE_EAU_ELEC,DEBIT,41500,330083,288583,TPE_COMMERCE_QR,VALIDE
TX-100856,2026-03-14 08:21:00,CLI-1117,Djeneba Bamba,Abidjan,PAIEMENT_FACTURE_EAU_ELEC,DEBIT,28500,3362806,3334306,MOBILE_MONEY_WAVE,VALIDE
TX-100857,2026-03-14 10:49:00,CLI-1058,Abdoulaye Fall,Bamako,TRANSFERT_P2P,DEBIT,44500,1456757,1412257,AGENCE_GUICHET,VALIDE
TX-100858,2026-03-14 13:57:00,CLI-1122,Fanta Ba,Yamoussoukro,TRANSFERT_P2P,DEBIT,48500,921062,872562,VIREMENT_UEMOA,VALIDE
TX-100859,2026-03-14 14:58:00,CLI-1030,Kouassi Ndiaye,San-Pédro,VIREMENT_SALAIRE,CREDIT,1531500,1008462,2539962,MOBILE_MONEY_WAVE,VALIDE
TX-100860,2026-03-14 17:23:00,CLI-1088,Bakary Koné,Bobo-Dioulasso,PAIEMENT_MARCHAND,DEBIT,40000,874156,834156,GAB_DISTRIBUTEUR,VALIDE
TX-100861,2026-03-14 21:17:00,CLI-1096,Yao Sow,Bamako,TRANSFERT_P2P,DEBIT,7000,254365,247365,MOBILE_MONEY_ORANGE,VALIDE
TX-100862,2026-03-15 00:32:00,CLI-1127,Aminata Sangaré,Niamey,DEPOT_ESPECES,CREDIT,385500,1034443,1419943,TPE_COMMERCE_QR,VALIDE
TX-100863,2026-03-15 01:27:00,CLI-1105,Clarisse Fall,Bobo-Dioulasso,VIREMENT_SALAIRE,CREDIT,1431000,491924,1922924,MOBILE_MONEY_ORANGE,VALIDE
TX-100864,2026-03-15 02:27:00,CLI-1031,Bakary Ndiaye,Bouaké,PAIEMENT_FACTURE_EAU_ELEC,DEBIT,30500,3300154,3269654,VIREMENT_UEMOA,VALIDE
TX-100865,2026-03-15 05:45:00,CLI-1049,Aïssatou Cissé,Saint-Louis,TRANSFERT_P2P,DEBIT,15000,2045259,2030259,VIREMENT_UEMOA,VALIDE
TX-100866,2026-03-15 08:42:00,CLI-1012,Mamadou Sow,Dakar,PAIEMENT_FACTURE_EAU_ELEC,DEBIT,59500,4378050,4318550,GAB_DISTRIBUTEUR,VALIDE
TX-100867,2026-03-15 10:44:00,CLI-1032,Jean-Baptiste Sylla,Ouagadougou,TRANSFERT_P2P,DEBIT,60000,1795982,1735982,TPE_COMMERCE_QR,VALIDE
TX-100868,2026-03-15 10:50:00,CLI-1130,Tidiane Koné,Bamako,DEPOT_ESPECES,CREDIT,271500,1997208,2268708,GAB_DISTRIBUTEUR,VALIDE
TX-100869,2026-03-15 14:29:00,CLI-1013,Jean-Baptiste Coulibaly,Cotonou,RETRAIT_GAB,DEBIT,118000,1589834,1471834,GAB_DISTRIBUTEUR,VALIDE
TX-100870,2026-03-15 18:29:00,CLI-1124,Hawa Fall,Bobo-Dioulasso,PAIEMENT_FACTURE_EAU_ELEC,DEBIT,56000,855635,799635,MOBILE_MONEY_ORANGE,VALIDE
TX-100871,2026-03-15 19:06:00,CLI-1149,Jean-Baptiste Gueye,Saint-Louis,DEPOT_ESPECES,CREDIT,437000,2120033,2557033,MOBILE_MONEY_WAVE,VALIDE
TX-100872,2026-03-15 22:56:00,CLI-1100,Abdoulaye Diallo,Bouaké,RETRAIT_GAB,DEBIT,1000,834,-166,MOBILE_MONEY_MTN,VALIDE
TX-100873,2026-03-16 01:36:00,CLI-1130,Tidiane Koné,Bamako,PAIEMENT_FACTURE_EAU_ELEC,DEBIT,32000,2268708,2236708,TPE_COMMERCE_QR,VALIDE
TX-100874,2026-03-16 02:56:00,CLI-1064,Amadou Diallo,Abidjan,DEPOT_ESPECES,CREDIT,189500,1441518,1631018,VIREMENT_UEMOA,VALIDE
TX-100875,2026-03-16 06:00:00,CLI-1035,Koffi Bamba,Niamey,DEPOT_ESPECES,CREDIT,325500,1081257,1406757,TPE_COMMERCE_QR,VALIDE
TX-100876,2026-03-16 08:25:00,CLI-1132,Clarisse Ouédraogo,Abidjan,DEPOT_ESPECES,CREDIT,377500,429004,806504,AGENCE_GUICHET,VALIDE
TX-100877,2026-03-16 11:11:00,CLI-1081,Bintou Camara,Niamey,TRANSFERT_P2P,DEBIT,73500,191260,117760,MOBILE_MONEY_ORANGE,VALIDE
TX-100878,2026-03-16 12:30:00,CLI-1052,Fanta Touré,Abidjan,DEPOT_ESPECES,CREDIT,384500,831667,1216167,TPE_COMMERCE_QR,VALIDE
TX-100879,2026-03-16 15:36:00,CLI-1089,Bintou Soro,Ouagadougou,PAIEMENT_FACTURE_EAU_ELEC,DEBIT,13500,1054352,1040852,TPE_COMMERCE_QR,VALIDE
TX-100880,2026-03-16 18:42:00,CLI-1046,Hawa Cissé,Dakar,PAIEMENT_MARCHAND,DEBIT,44000,1069985,1025985,MOBILE_MONEY_WAVE,VALIDE
TX-100881,2026-03-16 21:13:00,CLI-1091,Kouassi Barry,Yamoussoukro,RETRAIT_GAB,DEBIT,157500,157524,24,TPE_COMMERCE_QR,VALIDE
TX-100882,2026-03-16 22:31:00,CLI-1107,Moussa Fall,Yamoussoukro,RETRAIT_GAB,DEBIT,144500,924342,779842,AGENCE_GUICHET,VALIDE
TX-100883,2026-03-16 23:03:00,CLI-1109,Fanta Coulibaly,Ouagadougou,TRANSFERT_P2P,DEBIT,69500,3026194,2956694,MOBILE_MONEY_WAVE,VALIDE
TX-100884,2026-03-16 23:22:00,CLI-1098,Mariam Sanogo,Yamoussoukro,DEPOT_ESPECES,CREDIT,361000,253471,614471,MOBILE_MONEY_ORANGE,VALIDE
TX-100885,2026-03-17 00:40:00,CLI-1069,Bintou Ouédraogo,Niamey,TRANSFERT_P2P,DEBIT,22000,1969896,1947896,TPE_COMMERCE_QR,VALIDE
TX-100886,2026-03-17 03:41:00,CLI-1065,Oumar Diallo,Cotonou,DEPOT_ESPECES,CREDIT,42500,431877,474377,AGENCE_GUICHET,VALIDE
TX-100887,2026-03-17 03:54:00,CLI-1076,Seydou Diop,Ouagadougou,DEPOT_ESPECES,CREDIT,293500,2423749,2717249,MOBILE_MONEY_MTN,VALIDE
TX-100888,2026-03-17 07:08:00,CLI-1116,Aminata Sangaré,Saint-Louis,VIREMENT_SALAIRE,CREDIT,1566500,1824596,3391096,GAB_DISTRIBUTEUR,VALIDE
TX-100889,2026-03-17 08:52:00,CLI-1058,Abdoulaye Fall,Bamako,TRANSFERT_P2P,DEBIT,74500,1412257,1337757,MOBILE_MONEY_ORANGE,VALIDE
TX-100890,2026-03-17 10:10:00,CLI-1131,Mamadou Fofana,Lomé,TRANSFERT_P2P,DEBIT,92000,620786,528786,TPE_COMMERCE_QR,VALIDE
TX-100891,2026-03-17 12:01:00,CLI-1013,Jean-Baptiste Coulibaly,Cotonou,PAIEMENT_FACTURE_EAU_ELEC,DEBIT,30000,1471834,1441834,AGENCE_GUICHET,VALIDE
TX-100892,2026-03-17 12:09:00,CLI-1081,Bintou Camara,Niamey,FRAIS_TENUE_COMPTE,DEBIT,1200,117760,116560,TPE_COMMERCE_QR,VALIDE
TX-100893,2026-03-17 15:33:00,CLI-1065,Oumar Diallo,Cotonou,DEPOT_ESPECES,CREDIT,465500,474377,939877,AGENCE_GUICHET,VALIDE
TX-100894,2026-03-17 18:38:00,CLI-1114,Nafi Kouadio,Abidjan,TRANSFERT_P2P,DEBIT,84000,134728,50728,TPE_COMMERCE_QR,VALIDE
TX-100895,2026-03-17 21:52:00,CLI-1095,Nafi Kane,Bobo-Dioulasso,TRANSFERT_P2P,DEBIT,72500,1186049,1113549,GAB_DISTRIBUTEUR,VALIDE
TX-100896,2026-03-17 23:12:00,CLI-1051,Bintou Traoré,Cotonou,TRANSFERT_P2P,DEBIT,26000,374703,348703,VIREMENT_UEMOA,VALIDE
TX-100897,2026-03-18 00:04:00,CLI-1046,Hawa Cissé,Dakar,FRAIS_TENUE_COMPTE,DEBIT,1300,1025985,1024685,MOBILE_MONEY_ORANGE,VALIDE
TX-100898,2026-03-18 01:58:00,CLI-1132,Clarisse Ouédraogo,Abidjan,VIREMENT_SALAIRE,CREDIT,235000,806504,1041504,MOBILE_MONEY_MTN,VALIDE
TX-100899,2026-03-18 04:32:00,CLI-1143,Yao Fall,San-Pédro,DEPOT_ESPECES,CREDIT,94000,2943943,3037943,AGENCE_GUICHET,VALIDE
TX-100900,2026-03-18 07:38:00,CLI-1066,Kouassi Soro,Lomé,VIREMENT_SALAIRE,CREDIT,1127500,499431,1626931,MOBILE_MONEY_ORANGE,VALIDE
TX-100901,2026-03-18 10:15:00,CLI-1011,Nafi Sow,Ouagadougou,DEPOT_ESPECES,CREDIT,179000,1736238,1915238,MOBILE_MONEY_WAVE,VALIDE
TX-100902,2026-03-18 11:51:00,CLI-1078,Seydou Fall,Abidjan,PAIEMENT_MARCHAND,DEBIT,74000,288583,214583,MOBILE_MONEY_WAVE,VALIDE
TX-100903,2026-03-18 14:09:00,CLI-1082,Fanta Koné,Niamey,PAIEMENT_MARCHAND,DEBIT,10884,21769,10885,MOBILE_MONEY_WAVE,VALIDE
TX-100904,2026-03-18 16:31:00,CLI-1130,Tidiane Koné,Bamako,DEPOT_ESPECES,CREDIT,294500,2236708,2531208,VIREMENT_UEMOA,VALIDE
TX-100905,2026-03-18 19:25:00,CLI-1024,Kouassi Barry,Ouagadougou,PAIEMENT_MARCHAND,DEBIT,29500,3869645,3840145,MOBILE_MONEY_MTN,VALIDE
TX-100906,2026-03-18 22:42:00,CLI-1085,Djeneba Camara,Bamako,PAIEMENT_MARCHAND,DEBIT,30500,281932,251432,GAB_DISTRIBUTEUR,VALIDE
TX-100907,2026-03-18 23:16:00,CLI-1136,Clarisse Fall,Abidjan,PAIEMENT_MARCHAND,DEBIT,3100,1344471,1341371,TPE_COMMERCE_QR,VALIDE
TX-100908,2026-03-18 23:31:00,CLI-1089,Bintou Soro,Ouagadougou,PAIEMENT_MARCHAND,DEBIT,33500,1040852,1007352,TPE_COMMERCE_QR,VALIDE
TX-100909,2026-03-19 01:14:00,CLI-1083,Amadou Sanogo,Bouaké,PAIEMENT_MARCHAND,DEBIT,16500,1182271,1165771,MOBILE_MONEY_MTN,VALIDE
TX-100910,2026-03-19 05:12:00,CLI-1139,Nafi Ba,Niamey,TRANSFERT_P2P,DEBIT,4200,1023229,1019029,GAB_DISTRIBUTEUR,VALIDE
TX-100911,2026-03-19 07:11:00,CLI-1096,Yao Sow,Bamako,PAIEMENT_MARCHAND,DEBIT,68500,247365,178865,VIREMENT_UEMOA,VALIDE
TX-100912,2026-03-19 08:05:00,CLI-1012,Mamadou Sow,Dakar,DEPOT_ESPECES,CREDIT,351500,4318550,4670050,MOBILE_MONEY_MTN,VALIDE
TX-100913,2026-03-19 08:52:00,CLI-1132,Clarisse Ouédraogo,Abidjan,VIREMENT_SALAIRE,CREDIT,351000,1041504,1392504,AGENCE_GUICHET,VALIDE
TX-100914,2026-03-19 09:50:00,CLI-1138,Mariam Koné,Bobo-Dioulasso,PAIEMENT_MARCHAND,DEBIT,10500,987336,976836,TPE_COMMERCE_QR,VALIDE
TX-100915,2026-03-19 13:28:00,CLI-1055,Hawa Diop,Yamoussoukro,TRANSFERT_P2P,DEBIT,23078,46156,23078,MOBILE_MONEY_WAVE,VALIDE
TX-100916,2026-03-19 16:18:00,CLI-1053,Oumar Koffi,Dakar,PAIEMENT_MARCHAND,DEBIT,59000,92665,33665,AGENCE_GUICHET,VALIDE
TX-100917,2026-03-19 16:29:00,CLI-1019,Oumar Touré,Bamako,TRANSFERT_P2P,DEBIT,1521,3042,1521,VIREMENT_UEMOA,VALIDE
TX-100918,2026-03-19 16:47:00,CLI-1085,Djeneba Camara,Bamako,VIREMENT_SALAIRE,CREDIT,303500,251432,554932,MOBILE_MONEY_ORANGE,VALIDE
TX-100919,2026-03-19 20:22:00,CLI-1065,Oumar Diallo,Cotonou,RETRAIT_GAB,DEBIT,155500,939877,784377,MOBILE_MONEY_ORANGE,VALIDE
TX-100920,2026-03-19 23:08:00,CLI-1067,Moussa Camara,Saint-Louis,PAIEMENT_MARCHAND,DEBIT,61000,158787,97787,VIREMENT_UEMOA,VALIDE
TX-100921,2026-03-20 02:05:00,CLI-1111,Djeneba Sow,Yamoussoukro,PAIEMENT_MARCHAND,DEBIT,53000,773774,720774,MOBILE_MONEY_WAVE,VALIDE
TX-100922,2026-03-20 04:48:00,CLI-1137,Awa Kouadio,Bobo-Dioulasso,VIREMENT_SALAIRE,CREDIT,1660500,1349483,3009983,MOBILE_MONEY_WAVE,VALIDE
TX-100923,2026-03-20 06:24:00,CLI-1150,Ibrahim Ndiaye,Yamoussoukro,VIREMENT_SALAIRE,CREDIT,302000,1671339,1973339,GAB_DISTRIBUTEUR,VALIDE
TX-100924,2026-03-20 07:46:00,CLI-1028,Bakary Koné,Abidjan,DEPOT_ESPECES,CREDIT,369500,1173848,1543348,GAB_DISTRIBUTEUR,VALIDE
TX-100925,2026-03-20 09:43:00,CLI-1023,Mariam Gueye,Yamoussoukro,DEPOT_ESPECES,CREDIT,495500,1920503,2416003,VIREMENT_UEMOA,VALIDE
TX-100926,2026-03-20 11:49:00,CLI-1102,Salif Ndiaye,Lomé,TRANSFERT_P2P,DEBIT,5000,736217,731217,MOBILE_MONEY_ORANGE,VALIDE
TX-100927,2026-03-20 13:34:00,CLI-1137,Awa Kouadio,Bobo-Dioulasso,DEPOT_ESPECES,CREDIT,401500,3009983,3411483,AGENCE_GUICHET,VALIDE
TX-100928,2026-03-20 14:15:00,CLI-1140,Khadija Soro,Niamey,DEPOT_ESPECES,CREDIT,342000,23026,365026,MOBILE_MONEY_MTN,VALIDE
TX-100929,2026-03-20 16:41:00,CLI-1096,Yao Sow,Bamako,PAIEMENT_FACTURE_EAU_ELEC,DEBIT,5700,178865,173165,AGENCE_GUICHET,VALIDE
TX-100930,2026-03-20 16:47:00,CLI-1143,Yao Fall,San-Pédro,DEPOT_ESPECES,CREDIT,31500,3037943,3069443,GAB_DISTRIBUTEUR,VALIDE
TX-100931,2026-03-20 18:10:00,CLI-1101,Khadija Koffi,Dakar,PAIEMENT_MARCHAND,DEBIT,13000,1445675,1432675,MOBILE_MONEY_ORANGE,VALIDE
TX-100932,2026-03-20 21:00:00,CLI-1089,Bintou Soro,Ouagadougou,DEPOT_ESPECES,CREDIT,484500,1007352,1491852,AGENCE_GUICHET,VALIDE
TX-100933,2026-03-20 22:01:00,CLI-1132,Clarisse Ouédraogo,Abidjan,DEPOT_ESPECES,CREDIT,106000,1392504,1498504,GAB_DISTRIBUTEUR,VALIDE
TX-100934,2026-03-21 00:57:00,CLI-1065,Oumar Diallo,Cotonou,DEPOT_ESPECES,CREDIT,105000,784377,889377,AGENCE_GUICHET,VALIDE
TX-100935,2026-03-21 03:22:00,CLI-1146,Abdoulaye Sow,Cotonou,TRANSFERT_P2P,DEBIT,99000,2573751,2474751,VIREMENT_UEMOA,VALIDE
TX-100936,2026-03-21 03:44:00,CLI-1141,Fanta Koffi,Lomé,VIREMENT_SALAIRE,CREDIT,1558500,2470524,4029024,MOBILE_MONEY_MTN,VALIDE
TX-100937,2026-03-21 05:53:00,CLI-1026,Seydou Sanogo,Yamoussoukro,DEPOT_ESPECES,CREDIT,314000,192621,506621,MOBILE_MONEY_MTN,VALIDE
TX-100938,2026-03-21 06:58:00,CLI-1092,Tidiane Ouédraogo,Dakar,DEPOT_ESPECES,CREDIT,353500,813278,1166778,MOBILE_MONEY_WAVE,VALIDE
TX-100939,2026-03-21 08:24:00,CLI-1073,Adama Sylla,Abidjan,RETRAIT_GAB,DEBIT,55500,82949,27449,VIREMENT_UEMOA,VALIDE
TX-100940,2026-03-21 11:26:00,CLI-1116,Aminata Sangaré,Saint-Louis,PAIEMENT_MARCHAND,DEBIT,42000,3391096,3349096,GAB_DISTRIBUTEUR,VALIDE
TX-100941,2026-03-21 14:57:00,CLI-1040,Jean-Baptiste Barry,Saint-Louis,RETRAIT_GAB,DEBIT,100500,2925671,2825171,MOBILE_MONEY_MTN,VALIDE
TX-100942,2026-03-21 16:05:00,CLI-1110,Mariam Touré,Bamako,DEPOT_ESPECES,CREDIT,174000,1439120,1613120,AGENCE_GUICHET,VALIDE
TX-100943,2026-03-21 18:01:00,CLI-1057,Yao Barry,Bamako,TRANSFERT_P2P,DEBIT,84500,1149584,1065084,MOBILE_MONEY_MTN,VALIDE
TX-100944,2026-03-21 19:30:00,CLI-1093,Fanta Koffi,Bobo-Dioulasso,DEPOT_ESPECES,CREDIT,394000,1563351,1957351,VIREMENT_UEMOA,VALIDE
TX-100945,2026-03-21 21:39:00,CLI-1119,Salif Koné,Bobo-Dioulasso,PAIEMENT_MARCHAND,DEBIT,42000,1452802,1410802,GAB_DISTRIBUTEUR,VALIDE
TX-100946,2026-03-21 22:04:00,CLI-1028,Bakary Koné,Abidjan,DEPOT_ESPECES,CREDIT,328000,1543348,1871348,AGENCE_GUICHET,VALIDE
TX-100947,2026-03-22 01:57:00,CLI-1072,Seydou Sangaré,Yamoussoukro,TRANSFERT_P2P,DEBIT,5701,11402,5701,GAB_DISTRIBUTEUR,VALIDE
TX-100948,2026-03-22 04:42:00,CLI-1051,Bintou Traoré,Cotonou,DEPOT_ESPECES,CREDIT,474500,348703,823203,MOBILE_MONEY_WAVE,VALIDE
TX-100949,2026-03-22 07:28:00,CLI-1020,Tidiane Coulibaly,Lomé,PAIEMENT_FACTURE_EAU_ELEC,DEBIT,38000,1683182,1645182,MOBILE_MONEY_WAVE,VALIDE
TX-100950,2026-03-22 08:27:00,CLI-1149,Jean-Baptiste Gueye,Saint-Louis,RETRAIT_GAB,DEBIT,159500,2557033,2397533,MOBILE_MONEY_WAVE,VALIDE
TX-100951,2026-03-22 10:50:00,CLI-1142,Fatou Gueye,Abidjan,DEPOT_ESPECES,CREDIT,478500,1376878,1855378,VIREMENT_UEMOA,VALIDE
TX-100952,2026-03-22 14:43:00,CLI-1039,Nafi Barry,Niamey,PAIEMENT_MARCHAND,DEBIT,31000,985927,954927,AGENCE_GUICHET,VALIDE
TX-100953,2026-03-22 16:58:00,CLI-1075,Oumar Ndiaye,Saint-Louis,DEPOT_ESPECES,CREDIT,272500,407996,680496,MOBILE_MONEY_WAVE,VALIDE
TX-100954,2026-03-22 19:52:00,CLI-1102,Salif Ndiaye,Lomé,PAIEMENT_MARCHAND,DEBIT,3300,731217,727917,MOBILE_MONEY_ORANGE,VALIDE
TX-100955,2026-03-22 21:51:00,CLI-1043,Hawa Kouadio,Cotonou,TRANSFERT_P2P,DEBIT,19000,4306994,4287994,MOBILE_MONEY_ORANGE,VALIDE
TX-100956,2026-03-23 00:44:00,CLI-1046,Hawa Cissé,Dakar,RETRAIT_GAB,DEBIT,153000,1024685,871685,AGENCE_GUICHET,VALIDE
TX-100957,2026-03-23 02:20:00,CLI-1038,Ibrahim Sylla,Yamoussoukro,TRANSFERT_P2P,DEBIT,64000,2157306,2093306,MOBILE_MONEY_WAVE,VALIDE
TX-100958,2026-03-23 02:41:00,CLI-1057,Yao Barry,Bamako,TRANSFERT_P2P,DEBIT,31000,1065084,1034084,MOBILE_MONEY_MTN,VALIDE
TX-100959,2026-03-23 03:38:00,CLI-1095,Nafi Kane,Bobo-Dioulasso,DEPOT_ESPECES,CREDIT,360500,1113549,1474049,GAB_DISTRIBUTEUR,VALIDE
TX-100960,2026-03-23 07:28:00,CLI-1093,Fanta Koffi,Bobo-Dioulasso,PAIEMENT_MARCHAND,DEBIT,61500,1957351,1895851,MOBILE_MONEY_WAVE,VALIDE
TX-100961,2026-03-23 07:59:00,CLI-1011,Nafi Sow,Ouagadougou,FRAIS_TENUE_COMPTE,DEBIT,2300,1915238,1912938,TPE_COMMERCE_QR,VALIDE
TX-100962,2026-03-23 11:37:00,CLI-1134,Mariam Diallo,Cotonou,RETRAIT_GAB,DEBIT,76500,428267,351767,TPE_COMMERCE_QR,VALIDE
TX-100963,2026-03-23 12:26:00,CLI-1068,Ibrahim Sangaré,Bobo-Dioulasso,RETRAIT_GAB,DEBIT,154000,2166064,2012064,VIREMENT_UEMOA,VALIDE
TX-100964,2026-03-23 14:43:00,CLI-1097,Moussa Gueye,Bamako,PAIEMENT_MARCHAND,DEBIT,12000,750391,738391,MOBILE_MONEY_MTN,VALIDE
TX-100965,2026-03-23 17:00:00,CLI-1097,Moussa Gueye,Bamako,FRAIS_TENUE_COMPTE,DEBIT,1900,738391,736491,VIREMENT_UEMOA,VALIDE
TX-100966,2026-03-23 19:09:00,CLI-1091,Kouassi Barry,Yamoussoukro,TRANSFERT_P2P,DEBIT,1000,24,-976,AGENCE_GUICHET,VALIDE
TX-100967,2026-03-23 21:22:00,CLI-1124,Hawa Fall,Bobo-Dioulasso,PAIEMENT_FACTURE_EAU_ELEC,DEBIT,5400,799635,794235,MOBILE_MONEY_ORANGE,VALIDE
TX-100968,2026-03-23 23:38:00,CLI-1113,Mariam Koné,Yamoussoukro,DEPOT_ESPECES,CREDIT,50000,1111463,1161463,TPE_COMMERCE_QR,VALIDE
TX-100969,2026-03-24 00:23:00,CLI-1072,Seydou Sangaré,Yamoussoukro,DEPOT_ESPECES,CREDIT,107500,5701,113201,MOBILE_MONEY_MTN,VALIDE
TX-100970,2026-03-24 03:55:00,CLI-1031,Bakary Ndiaye,Bouaké,RETRAIT_GAB,DEBIT,113500,3269654,3156154,MOBILE_MONEY_MTN,VALIDE
TX-100971,2026-03-24 06:02:00,CLI-1030,Kouassi Ndiaye,San-Pédro,PAIEMENT_MARCHAND,DEBIT,64500,2539962,2475462,MOBILE_MONEY_ORANGE,VALIDE
TX-100972,2026-03-24 06:12:00,CLI-1042,Sékou Coulibaly,Saint-Louis,RETRAIT_GAB,DEBIT,112500,1878650,1766150,MOBILE_MONEY_ORANGE,VALIDE
TX-100973,2026-03-24 06:58:00,CLI-1012,Mamadou Sow,Dakar,DEPOT_ESPECES,CREDIT,320500,4670050,4990550,MOBILE_MONEY_ORANGE,VALIDE
TX-100974,2026-03-24 07:40:00,CLI-1132,Clarisse Ouédraogo,Abidjan,VIREMENT_SALAIRE,CREDIT,1350000,1498504,2848504,MOBILE_MONEY_WAVE,VALIDE
TX-100975,2026-03-24 09:57:00,CLI-1043,Hawa Kouadio,Cotonou,DEPOT_ESPECES,CREDIT,104000,4287994,4391994,VIREMENT_UEMOA,VALIDE
TX-100976,2026-03-24 13:08:00,CLI-1145,Aïssatou Bamba,Yamoussoukro,RETRAIT_GAB,DEBIT,193500,583445,389945,TPE_COMMERCE_QR,VALIDE
TX-100977,2026-03-24 15:07:00,CLI-1073,Adama Sylla,Abidjan,PAIEMENT_FACTURE_EAU_ELEC,DEBIT,19000,27449,8449,GAB_DISTRIBUTEUR,VALIDE
TX-100978,2026-03-24 16:08:00,CLI-1121,Fatou Touré,Abidjan,TRANSFERT_P2P,DEBIT,23000,3592629,3569629,AGENCE_GUICHET,VALIDE
TX-100979,2026-03-24 19:43:00,CLI-1106,Boubacar Sylla,Abidjan,RETRAIT_GAB,DEBIT,157500,1508869,1351369,AGENCE_GUICHET,VALIDE
TX-100980,2026-03-24 20:55:00,CLI-1047,Tidiane Sylla,Yamoussoukro,RETRAIT_GAB,DEBIT,138500,546884,408384,MOBILE_MONEY_ORANGE,VALIDE
TX-100981,2026-03-24 23:31:00,CLI-1088,Bakary Koné,Bobo-Dioulasso,PAIEMENT_FACTURE_EAU_ELEC,DEBIT,44000,834156,790156,MOBILE_MONEY_WAVE,VALIDE
TX-100982,2026-03-25 00:03:00,CLI-1059,Djeneba Touré,Yamoussoukro,PAIEMENT_MARCHAND,DEBIT,19000,1175947,1156947,MOBILE_MONEY_WAVE,VALIDE
TX-100983,2026-03-25 03:03:00,CLI-1052,Fanta Touré,Abidjan,PAIEMENT_MARCHAND,DEBIT,68000,1216167,1148167,VIREMENT_UEMOA,VALIDE
TX-100984,2026-03-25 05:09:00,CLI-1039,Nafi Barry,Niamey,RETRAIT_GAB,DEBIT,51500,954927,903427,GAB_DISTRIBUTEUR,VALIDE
TX-100985,2026-03-25 07:22:00,CLI-1010,Boubacar Traoré,San-Pédro,TRANSFERT_P2P,DEBIT,70500,1617329,1546829,AGENCE_GUICHET,VALIDE
TX-100986,2026-03-25 08:00:00,CLI-1031,Bakary Ndiaye,Bouaké,VIREMENT_SALAIRE,CREDIT,1532500,3156154,4688654,GAB_DISTRIBUTEUR,VALIDE
TX-100987,2026-03-25 10:51:00,CLI-1139,Nafi Ba,Niamey,TRANSFERT_P2P,DEBIT,89500,1019029,929529,VIREMENT_UEMOA,VALIDE
TX-100988,2026-03-25 13:54:00,CLI-1134,Mariam Diallo,Cotonou,PAIEMENT_MARCHAND,DEBIT,7600,351767,344167,GAB_DISTRIBUTEUR,VALIDE
TX-100989,2026-03-25 16:02:00,CLI-1110,Mariam Touré,Bamako,DEPOT_ESPECES,CREDIT,430500,1613120,2043620,AGENCE_GUICHET,VALIDE
TX-100990,2026-03-25 17:55:00,CLI-1098,Mariam Sanogo,Yamoussoukro,PAIEMENT_MARCHAND,DEBIT,14500,614471,599971,MOBILE_MONEY_ORANGE,VALIDE
TX-100991,2026-03-25 21:52:00,CLI-1066,Kouassi Soro,Lomé,PAIEMENT_MARCHAND,DEBIT,32000,1626931,1594931,AGENCE_GUICHET,VALIDE
TX-100992,2026-03-26 00:16:00,CLI-1022,Aïssatou Ba,Yamoussoukro,DEPOT_ESPECES,CREDIT,469500,492468,961968,VIREMENT_UEMOA,VALIDE
TX-100993,2026-03-26 03:31:00,CLI-1066,Kouassi Soro,Lomé,DEPOT_ESPECES,CREDIT,381500,1594931,1976431,AGENCE_GUICHET,VALIDE
TX-100994,2026-03-26 05:49:00,CLI-1002,Mariam Ouédraogo,Ouagadougou,RETRAIT_GAB,DEBIT,35500,412106,376606,MOBILE_MONEY_WAVE,VALIDE
TX-100995,2026-03-26 09:19:00,CLI-1097,Moussa Gueye,Bamako,RETRAIT_GAB,DEBIT,185000,736491,551491,MOBILE_MONEY_MTN,VALIDE
TX-100996,2026-03-26 11:13:00,CLI-1105,Clarisse Fall,Bobo-Dioulasso,PAIEMENT_MARCHAND,DEBIT,22000,1922924,1900924,TPE_COMMERCE_QR,VALIDE
TX-100997,2026-03-26 13:35:00,CLI-1150,Ibrahim Ndiaye,Yamoussoukro,DEPOT_ESPECES,CREDIT,458000,1973339,2431339,VIREMENT_UEMOA,VALIDE
TX-100998,2026-03-26 16:34:00,CLI-1145,Aïssatou Bamba,Yamoussoukro,PAIEMENT_MARCHAND,DEBIT,38000,389945,351945,VIREMENT_UEMOA,VALIDE
TX-100999,2026-03-26 17:24:00,CLI-1053,Oumar Koffi,Dakar,PAIEMENT_MARCHAND,DEBIT,16832,33665,16833,MOBILE_MONEY_MTN,VALIDE
TX-101000,2026-03-26 18:47:00,CLI-1144,Sékou Sangaré,Bamako,RETRAIT_GAB,DEBIT,71500,1511909,1440409,GAB_DISTRIBUTEUR,VALIDE
