id_transaction,id_compte,montant,solde
1,61,4672073,4672073
2,172,8143903,8143903
3,55,9046844,9046844
4,34,9580513,9580513
5,148,7930103,7930103
6,63,7935169,7935169
7,105,3194548,3194548
8,25,1626229,1626229
9,169,7231838,7231838
10,91,7106470,7106470
11,106,7835373,7835373
12,187,908841,908841
13,173,1651177,1651177
14,16,6754864,6754864
15,187,5692553,5692553
16,28,4171761,4171761
17,50,3191175,3191175
18,138,7526486,7526486
19,36,7077999,7077999
20,47,4673212,4673212
21,119,4191056,4191056
22,20,7434500,7434500
23,141,1642635,1642635
24,13,9069560,9069560
25,4,1564689,1564689
26,193,3965789,3965789
27,43,6818496,6818496
28,125,8075854,8075854
29,55,6728339,6728339
30,16,2762152,2762152
31,98,36161,36161
32,100,4449368,4449368
33,117,4785687,4785687
34,109,9324245,9324245
35,170,8164991,8164991
36,40,3185957,3185957
37,76,3652414,3652414
38,15,9717032,9717032
39,189,9096526,9096526
40,16,5261415,5261415
41,15,841248,841248
42,150,7999183,7999183
43,129,8910817,8910817
44,41,954280,954280
45,131,1344047,1344047
46,48,1149597,1149597
47,153,1140194,1140194
48,173,3946066,3946066
49,104,2011363,2011363
50,146,4130808,4130808
51,149,9974376,9974376
52,11,1375453,1375453
53,108,9792396,9792396
54,145,8770838,8770838
55,81,4374922,4374922
56,53,5271130,5271130
57,62,4456272,4456272
58,102,2195773,2195773
59,172,5033115,5033115
60,118,5304573,5304573
61,193,1217071,1217071
62,3,7688755,7688755
63,160,9445465,9445465
64,26,1229110,1229110
65,138,3576135,3576135
66,130,4449324,4449324
67,34,5855396,5855396
68,18,4098412,4098412
69,95,4781295,4781295
70,41,7351517,7351517
71,140,5075395,5075395
72,157,8874152,8874152
73,3,9304682,9304682
74,77,1737893,1737893
75,35,4437001,4437001
76,30,1795765,1795765
77,191,9281552,9281552
78,40,4569244,4569244
79,73,3533779,3533779
80,184,5752576,5752576
81,53,4428914,4428914
82,130,8196204,8196204
83,65,852264,852264
84,24,7106422,7106422
85,71,739653,739653
86,1,5596150,5596150
87,198,2194789,2194789
88,164,4394880,4394880
89,42,7412769,7412769
90,142,7175395,7175395
91,144,162230,162230
92,29,1262382,1262382
93,177,2500715,2500715
94,140,604451,604451
95,95,9772888,9772888
96,142,2484601,2484601
97,111,2138181,2138181
98,11,5171716,5171716
99,94,669324,669324
100,92,3524499,3524499
101,175,4186414,4186414
102,171,1724590,1724590
103,91,9393286,9393286
104,105,2592974,2592974
105,61,2726327,2726327
106,46,6917152,6917152
107,7,3009172,3009172
108,189,5573147,5573147
109,106,4163555,4163555
110,69,2670896,2670896
111,180,1813543,1813543
112,98,649691,649691
113,121,3731818,3731818
114,52,7722606,7722606
115,90,5120253,5120253
116,59,3740036,3740036
117,7,3240180,3240180
118,103,5507321,5507321
119,72,1164686,1164686
120,198,4682940,4682940
121,90,8546409,8546409
122,103,8996207,8996207
123,85,463060,463060
124,30,4382463,4382463
125,46,9740679,9740679
126,68,641849,641849
127,28,7290770,7290770
128,89,5262632,5262632
129,112,8580255,8580255
130,30,6462506,6462506
131,148,3188992,3188992
132,66,744682,744682
133,182,7315831,7315831
134,1,8722815,8722815
135,138,3305700,3305700
136,94,7235969,7235969
137,18,5539837,5539837
138,160,5266630,5266630
139,170,2090865,2090865
140,185,5038571,5038571
141,130,5188935,5188935
142,171,6851696,6851696
143,84,6751158,6751158
144,179,4960271,4960271
145,142,2135534,2135534
146,50,7053918,7053918
147,171,6361002,6361002
148,174,2919694,2919694
149,158,9548001,9548001
150,78,6812810,6812810
151,141,6810,6810
152,78,4813613,4813613
153,54,7212326,7212326
154,149,5406444,5406444
155,120,7411939,7411939
156,114,3585314,3585314
157,131,7938746,7938746
158,189,2846949,2846949
159,169,1422633,1422633
160,73,8647849,8647849
161,170,5623525,5623525
162,24,3940441,3940441
163,173,5207974,5207974
164,58,3340845,3340845
165,38,409790,409790
166,12,4107776,4107776
167,122,1221854,1221854
168,117,6953166,6953166
169,162,9658155,9658155
170,50,6442089,6442089
171,127,6705062,6705062
172,63,2475836,2475836
173,168,93026,93026
174,193,1788238,1788238
175,200,7132769,7132769
176,57,2950888,2950888
177,179,8689889,8689889
178,119,842524,842524
179,143,4180853,4180853
180,32,7658158,7658158
181,35,7795419,7795419
182,171,8910914,8910914
183,144,9990032,9990032
184,82,7425149,7425149
185,157,8468772,8468772
186,110,9191766,9191766
187,115,2670226,2670226
188,191,7963715,7963715
189,116,4348512,4348512
190,193,4147994,4147994
191,164,4652512,4652512
192,197,8745959,8745959
193,125,4013879,4013879
194,71,7379837,7379837
195,20,4793722,4793722
196,61,4558623,4558623
197,86,5363836,5363836
198,139,1351868,1351868
199,36,2530518,2530518
200,60,6426265,6426265
201,178,2563646,2563646
202,181,3589533,3589533
203,17,6960328,6960328
204,105,5551268,5551268
205,139,7816912,7816912
206,107,1044645,1044645
207,53,7048838,7048838
208,100,9799226,9799226
209,179,327691,327691
210,196,9658481,9658481
211,98,8002392,8002392
212,2,5901533,5901533
213,77,6542890,6542890
214,108,9029842,9029842
215,192,9162579,9162579
216,155,3700025,3700025
217,125,3681284,3681284
218,70,7312114,7312114
219,125,486955,486955
220,100,5639317,5639317
221,172,6783308,6783308
222,186,2768991,2768991
223,120,2141239,2141239
224,160,8961107,8961107
225,7,6610562,6610562
226,152,9468926,9468926
227,170,454696,454696
228,22,7190929,7190929
229,35,7746014,7746014
230,47,843636,843636
231,67,6360307,6360307
232,84,3551070,3551070
233,117,5483562,5483562
234,87,6360682,6360682
235,72,7072684,7072684
236,65,1374158,1374158
237,121,325197,325197
238,192,9049949,9049949
239,14,5871360,5871360
240,58,1151225,1151225
241,200,675419,675419
242,194,520596,520596
243,64,3344717,3344717
244,6,2556551,2556551
245,62,2117636,2117636
246,122,1919136,1919136
247,145,3656838,3656838
248,120,4299055,4299055
249,197,6189034,6189034
250,43,1921542,1921542
251,200,2747534,2747534
252,80,1813596,1813596
253,149,430812,430812
254,80,9660266,9660266
255,174,6296605,6296605
256,102,3327421,3327421
257,20,9933753,9933753
258,177,4074336,4074336
259,27,5059717,5059717
260,176,2030966,2030966
261,145,689025,689025
262,89,8937982,8937982
263,110,6217147,6217147
264,18,8488613,8488613
265,166,5724909,5724909
266,4,7047416,7047416
267,126,1770648,1770648
268,111,6076506,6076506
269,163,7713146,7713146
270,182,2566765,2566765
271,112,2955087,2955087
272,188,8753457,8753457
273,167,4531230,4531230
274,158,9029043,9029043
275,199,8111742,8111742
276,120,7307727,7307727
277,188,9940074,9940074
278,69,5407373,5407373
279,63,1453962,1453962
280,72,7563202,7563202
281,63,7796514,7796514
282,146,6358385,6358385
283,87,481506,481506
284,127,5452832,5452832
285,47,8179730,8179730
286,55,5952975,5952975
287,67,5709938,5709938
288,72,4635017,4635017
289,143,170307,170307
290,133,3205394,3205394
291,22,4049282,4049282
292,185,6818732,6818732
293,126,9314311,9314311
294,195,4031966,4031966
295,177,7987516,7987516
296,166,8234615,8234615
297,115,289293,289293
298,24,4936453,4936453
299,57,6784725,6784725
300,178,4081983,4081983
301,79,9756883,9756883
302,95,7939993,7939993
303,142,8907391,8907391
304,89,7138769,7138769
305,191,9233986,9233986
306,85,5902401,5902401
307,180,7612582,7612582
308,70,5144280,5144280
309,65,3867786,3867786
310,31,3231028,3231028
311,81,2005795,2005795
312,191,8990305,8990305
313,196,3106298,3106298
314,50,3630331,3630331
315,190,8123504,8123504
316,71,9891626,9891626
317,195,8801946,8801946
318,153,4747930,4747930
319,26,3256752,3256752
320,76,3816534,3816534
321,93,3010529,3010529
322,78,237370,237370
323,182,8961299,8961299
324,33,4602180,4602180
325,12,914794,914794
326,142,4901239,4901239
327,179,2118618,2118618
328,164,8235577,8235577
329,27,205779,205779
330,147,4770422,4770422
331,121,8031491,8031491
332,113,5716097,5716097
333,48,861958,861958
334,65,8014965,8014965
335,30,1096280,1096280
336,103,8250138,8250138
337,19,9680808,9680808
338,162,899411,899411
339,39,2503120,2503120
340,145,5097514,5097514
341,22,4163953,4163953
342,31,9362911,9362911
343,196,6982241,6982241
344,156,3786401,3786401
345,199,8767312,8767312
346,98,7558378,7558378
347,114,4988757,4988757
348,151,7194570,7194570
349,79,9540019,9540019
350,159,1010496,1010496
351,157,1664863,1664863
352,196,3486102,3486102
353,161,3540415,3540415
354,68,1362099,1362099
355,41,4024269,4024269
356,45,9260893,9260893
357,20,2626181,2626181
358,1,6853787,6853787
359,116,9962498,9962498
360,121,4886520,4886520
361,9,3883526,3883526
362,74,4743227,4743227
363,180,7617381,7617381
364,19,3916201,3916201
365,68,9895027,9895027
366,170,3318855,3318855
367,109,1925626,1925626
368,140,3771676,3771676
369,166,2499627,2499627
370,69,2386328,2386328
371,19,1000560,1000560
372,43,5160869,5160869
373,153,9549709,9549709
374,74,7367772,7367772
375,32,7863447,7863447
376,177,5101803,5101803
377,180,6752972,6752972
378,70,8396529,8396529
379,139,8284509,8284509
380,113,1349590,1349590
381,154,668752,668752
382,111,5407658,5407658
383,155,4200476,4200476
384,7,1532210,1532210
385,59,9650239,9650239
386,151,348050,348050
387,196,4521644,4521644
388,148,674975,674975
389,196,2939212,2939212
390,121,8706768,8706768
391,167,7419378,7419378
392,72,3044882,3044882
393,150,7312936,7312936
394,163,8249789,8249789
395,24,7885465,7885465
396,90,6850944,6850944
397,86,5386463,5386463
398,172,1754894,1754894
399,42,5533187,5533187
400,106,8312590,8312590
401,74,6718473,6718473
402,195,9229089,9229089
403,10,7630712,7630712
404,23,5276722,5276722
405,65,5423634,5423634
406,30,6780932,6780932
407,132,19311,19311
408,169,9103209,9103209
409,119,6933143,6933143
410,14,3147112,3147112
411,133,6069650,6069650
412,160,8363326,8363326
413,161,7416216,7416216
414,195,865901,865901
415,53,4480460,4480460
416,141,2198037,2198037
417,74,7350368,7350368
418,179,8132114,8132114
419,32,484348,484348
420,162,4014745,4014745
421,182,2657144,2657144
422,80,9241545,9241545
423,4,9265241,9265241
424,105,1563790,1563790
425,58,1903561,1903561
426,119,1970754,1970754
427,166,2583206,2583206
428,128,4896624,4896624
429,131,4587308,4587308
430,107,8094999,8094999
431,121,4089126,4089126
432,117,9248693,9248693
433,38,6435505,6435505
434,49,8526867,8526867
435,192,2290229,2290229
436,18,4634662,4634662
437,198,6961578,6961578
438,88,8518424,8518424
439,69,43037,43037
440,73,5008935,5008935
441,151,9729499,9729499
442,169,8214801,8214801
443,39,7491822,7491822
444,138,8125900,8125900
445,89,5577416,5577416
446,142,9117243,9117243
447,97,7639414,7639414
448,83,3165061,3165061
449,179,4006492,4006492
450,147,6425184,6425184
451,60,6891662,6891662
452,12,5338112,5338112
453,191,7935224,7935224
454,181,6395997,6395997
455,99,2551903,2551903
456,127,621086,621086
457,33,8427047,8427047
458,152,5569946,5569946
459,26,7387112,7387112
460,26,8823994,8823994
461,117,257489,257489
462,185,2418526,2418526
463,105,2589751,2589751
464,20,7876745,7876745
465,68,5680114,5680114
466,160,6668663,6668663
467,167,1347467,1347467
468,85,8952696,8952696
469,98,5312692,5312692
470,161,8186400,8186400
471,139,602286,602286
472,159,1147909,1147909
473,61,4821419,4821419
474,59,1516313,1516313
475,112,1651601,1651601
476,195,1686231,1686231
477,114,2791137,2791137
478,178,5024207,5024207
479,8,771600,771600
480,84,941524,941524
481,76,6014016,6014016
482,96,7225725,7225725
483,38,4096953,4096953
484,136,6913081,6913081
485,145,3020853,3020853
486,44,2937176,2937176
487,21,6418028,6418028
488,159,4040453,4040453
489,128,9783753,9783753
490,37,3895475,3895475
491,119,4261032,4261032
492,118,4283671,4283671
493,171,157662,157662
494,120,4825658,4825658
495,174,9170395,9170395
496,41,1239197,1239197
497,114,5797629,5797629
498,151,5018975,5018975
499,164,7118722,7118722
500,177,4195951,4195951
501,117,5068760,5068760
502,51,6454081,6454081
503,124,1789344,1789344
504,61,6398231,6398231
505,147,6022335,6022335
506,148,4963914,4963914
507,180,4953150,4953150
508,6,6640518,6640518
509,71,135861,135861
510,145,822825,822825
511,156,8333700,8333700
512,74,3860745,3860745
513,156,5910964,5910964
514,57,3189885,3189885
515,159,4204819,4204819
516,174,2294774,2294774
517,161,1630140,1630140
518,161,661401,661401
519,80,7395785,7395785
520,9,9723634,9723634
521,94,2204724,2204724
522,24,4951131,4951131
523,84,6970985,6970985
524,45,3368777,3368777
525,34,9049760,9049760
526,94,8906224,8906224
527,129,4572250,4572250
528,43,4311242,4311242
529,124,4951651,4951651
530,192,5682698,5682698
531,30,7857296,7857296
532,20,2361510,2361510
533,194,3785186,3785186
534,174,6667458,6667458
535,143,6136687,6136687
536,24,6619862,6619862
537,4,4436878,4436878
538,138,2073474,2073474
539,117,6183841,6183841
540,173,4398338,4398338
541,150,6392547,6392547
542,164,6232293,6232293
543,28,3922880,3922880
544,121,419843,419843
545,159,9418852,9418852
546,84,3713925,3713925
547,166,1060605,1060605
548,163,7789116,7789116
549,180,5069909,5069909
550,167,6850067,6850067
551,30,2345069,2345069
552,12,624315,624315
553,78,8264869,8264869
554,30,1630611,1630611
555,61,9018535,9018535
556,35,6520395,6520395
557,117,6224540,6224540
558,172,9062926,9062926
559,108,9853935,9853935
560,191,2592464,2592464
561,107,1661307,1661307
562,126,6847048,6847048
563,72,548888,548888
564,177,6216461,6216461
565,56,7438733,7438733
566,114,3961312,3961312
567,93,1666893,1666893
568,176,6162857,6162857
569,140,6017548,6017548
570,16,6679674,6679674
571,71,3184459,3184459
572,32,7628891,7628891
573,24,3558545,3558545
574,165,358318,358318
575,13,5595355,5595355
576,63,2112652,2112652
577,145,3442778,3442778
578,18,9298063,9298063
579,54,9837875,9837875
580,56,3909069,3909069
581,85,2475548,2475548
582,153,47572,47572
583,71,2427461,2427461
584,34,9063311,9063311
585,65,2927575,2927575
586,29,432519,432519
587,34,249314,249314
588,92,3991829,3991829
589,151,5431983,5431983
590,5,2923366,2923366
591,68,879109,879109
592,33,7062546,7062546
593,135,1906718,1906718
594,191,1066326,1066326
595,122,7520810,7520810
596,200,6074006,6074006
597,132,9960063,9960063
598,28,7583392,7583392
599,129,3716988,3716988
600,158,727544,727544
601,187,8748499,8748499
602,78,7684678,7684678
603,165,522621,522621
604,16,8035982,8035982
605,103,7151684,7151684
606,176,1811298,1811298
607,126,7441741,7441741
608,19,1355439,1355439
609,83,2488628,2488628
610,17,2117143,2117143
611,71,9820789,9820789
612,141,5455706,5455706
613,98,8901266,8901266
614,76,7612081,7612081
615,130,7217547,7217547
616,26,1919549,1919549
617,168,9249870,9249870
618,185,3607488,3607488
619,111,7575834,7575834
620,59,6942639,6942639
621,87,7608449,7608449
622,103,6979148,6979148
623,187,1595275,1595275
624,81,7159911,7159911
625,81,4276341,4276341
626,96,2560856,2560856
627,176,7956894,7956894
628,18,1530497,1530497
629,22,1564141,1564141
630,111,1620082,1620082
631,191,6251976,6251976
632,34,9334352,9334352
633,16,9839251,9839251
634,144,9423483,9423483
635,85,2050700,2050700
636,106,5932391,5932391
637,171,7095702,7095702
638,185,863121,863121
639,74,5242022,5242022
640,91,1738129,1738129
641,148,8512969,8512969
642,55,2595941,2595941
643,169,8089795,8089795
644,58,1815603,1815603
645,90,9332586,9332586
646,95,1927455,1927455
647,196,4673599,4673599
648,147,3794319,3794319
649,110,9411442,9411442
650,197,9340543,9340543
651,7,4487028,4487028
652,8,3026879,3026879
653,70,5183902,5183902
654,87,5889195,5889195
655,2,3043480,3043480
656,37,9501291,9501291
657,169,6724045,6724045
658,18,2380261,2380261
659,190,514340,514340
660,24,8900022,8900022
661,56,6311494,6311494
662,108,7610913,7610913
663,88,2640889,2640889
664,95,5228407,5228407
665,185,5442241,5442241
666,199,9522639,9522639
667,153,1425342,1425342
668,14,2610197,2610197
669,41,834876,834876
670,173,1368710,1368710
671,70,7434202,7434202
672,170,7113787,7113787
673,125,7416270,7416270
674,107,4582979,4582979
675,56,8595744,8595744
676,30,5791039,5791039
677,111,1860421,1860421
678,73,9951141,9951141
679,125,8840487,8840487
680,171,5174418,5174418
681,12,3699685,3699685
682,102,919088,919088
683,2,3429650,3429650
684,78,3543918,3543918
685,197,2302417,2302417
686,196,4286905,4286905
687,75,5504979,5504979
688,31,129686,129686
689,128,7225192,7225192
690,45,2167376,2167376
691,98,8935249,8935249
692,181,3860617,3860617
693,129,9373825,9373825
694,172,5941939,5941939
695,19,6661748,6661748
696,190,709714,709714
697,112,314430,314430
698,118,1306317,1306317
699,81,9659635,9659635
700,110,9620050,9620050
701,104,7007741,7007741
702,75,1932288,1932288
703,104,349914,349914
704,84,2883553,2883553
705,159,7719145,7719145
706,177,6070880,6070880
707,23,7326807,7326807
708,28,4082173,4082173
709,112,9879620,9879620
710,103,8790632,8790632
711,21,6639863,6639863
712,80,5696087,5696087
713,57,5587964,5587964
714,200,2820798,2820798
715,20,8564488,8564488
716,163,1913049,1913049
717,136,8555575,8555575
718,50,5861544,5861544
719,90,2477824,2477824
720,61,1724773,1724773
721,38,4294434,4294434
722,51,2910830,2910830
723,155,2564729,2564729
724,195,1264218,1264218
725,46,8289908,8289908
726,119,9457911,9457911
727,195,9721861,9721861
728,115,9470600,9470600
729,165,5422534,5422534
730,161,5303930,5303930
731,39,7377995,7377995
732,18,7867190,7867190
733,114,5080483,5080483
734,71,9922377,9922377
735,15,5904610,5904610
736,130,1244712,1244712
737,80,7746753,7746753
738,116,630944,630944
739,15,6186390,6186390
740,74,1287332,1287332
741,166,1514923,1514923
742,158,9967005,9967005
743,130,6450545,6450545
744,119,9736311,9736311
745,142,688246,688246
746,116,9590807,9590807
747,167,3158134,3158134
748,83,7979730,7979730
749,129,2531028,2531028
750,16,7558523,7558523
751,27,5761929,5761929
752,183,1414808,1414808
753,130,2895058,2895058
754,11,4156449,4156449
755,182,7344365,7344365
756,113,8792411,8792411
757,134,2663319,2663319
758,94,6255418,6255418
759,73,6499771,6499771
760,105,5676858,5676858
761,174,878547,878547
762,162,5614484,5614484
763,17,5531293,5531293
764,25,9361069,9361069
765,174,6485471,6485471
766,73,4227787,4227787
767,186,2522845,2522845
768,86,1367376,1367376
769,150,2372774,2372774
770,90,5204824,5204824
771,168,6575963,6575963
772,34,9983135,9983135
773,182,1421349,1421349
774,80,9377156,9377156
775,97,5510922,5510922
776,33,8831414,8831414
777,24,7103580,7103580
778,131,6070468,6070468
779,5,6083379,6083379
780,80,3024309,3024309
781,55,5733317,5733317
782,197,8158272,8158272
783,50,3800761,3800761
784,36,2599548,2599548
785,20,4962567,4962567
786,26,8517619,8517619
787,198,9055850,9055850
788,190,8833734,8833734
789,10,5649968,5649968
790,197,2198638,2198638
791,153,6320310,6320310
792,40,2722056,2722056
793,47,2777286,2777286
794,185,7342941,7342941
795,12,6893063,6893063
796,94,3985095,3985095
797,114,4780297,4780297
798,193,7531761,7531761
799,60,8959220,8959220
800,62,5192009,5192009
801,121,3255051,3255051
802,95,9570049,9570049
803,113,7745704,7745704
804,197,4727345,4727345
805,200,6406756,6406756
806,129,8849306,8849306
807,108,2718884,2718884
808,52,2321942,2321942
809,65,875431,875431
810,165,8062973,8062973
811,96,9303649,9303649
812,27,8655523,8655523
813,32,4782563,4782563
814,22,2689594,2689594
815,70,7538325,7538325
816,132,2472100,2472100
817,112,1538698,1538698
818,57,7568671,7568671
819,90,447451,447451
820,107,893502,893502
821,102,8422281,8422281
822,96,3955699,3955699
823,99,1369112,1369112
824,96,3767135,3767135
825,8,5346644,5346644
826,26,5625238,5625238
827,38,2308538,2308538
828,10,4813037,4813037
829,121,2328554,2328554
830,195,7870361,7870361
831,115,88100,88100
832,21,318832,318832
833,66,3618086,3618086
834,39,9207407,9207407
835,187,8854536,8854536
836,109,1865405,1865405
837,199,4833542,4833542
838,61,5052478,5052478
839,32,801102,801102
840,62,7043503,7043503
841,164,7669093,7669093
842,17,1859886,1859886
843,128,8993490,8993490
844,5,8646569,8646569
845,148,4059048,4059048
846,184,2408819,2408819
847,75,7201433,7201433
848,1,5919270,5919270
849,62,9574148,9574148
850,107,3142605,3142605
851,171,1436363,1436363
852,135,6049927,6049927
853,18,8825812,8825812
854,140,8511546,8511546
855,130,9297127,9297127
856,6,6550726,6550726
857,121,730386,730386
858,163,6490791,6490791
859,96,4255545,4255545
860,192,272499,272499
861,92,1133461,1133461
862,89,4045421,4045421
863,188,1739191,1739191
864,198,9762717,9762717
865,189,5578736,5578736
866,35,743829,743829
867,91,9160590,9160590
868,87,2937508,2937508
869,200,7795078,7795078
870,179,8028420,8028420
871,162,3058117,3058117
872,35,1058651,1058651
873,184,7678589,7678589
874,10,4923149,4923149
875,52,734947,734947
876,52,703065,703065
877,81,5202210,5202210
878,132,6681090,6681090
879,140,7942330,7942330
880,65,614394,614394
881,193,3206183,3206183
882,74,5989032,5989032
883,200,802018,802018
884,168,5568772,5568772
885,70,2088344,2088344
886,95,7330827,7330827
887,103,7377556,7377556
888,99,5688090,5688090
889,48,8324908,8324908
890,178,8347057,8347057
891,95,8712003,8712003
892,69,1385991,1385991
893,187,7121922,7121922
894,21,7224389,7224389
895,155,3027557,3027557
896,140,4928582,4928582
897,83,1721307,1721307
898,21,5501583,5501583
899,170,4960015,4960015
900,79,7481225,7481225
901,155,7149041,7149041
902,43,7447546,7447546
903,90,7501590,7501590
904,11,5914963,5914963
905,158,7297090,7297090
906,71,962308,962308
907,20,6815076,6815076
908,94,8608154,8608154
909,192,2684131,2684131
910,8,2395441,2395441
911,156,7351320,7351320
912,9,2117788,2117788
913,18,3959345,3959345
914,200,6145971,6145971
915,93,6423230,6423230
916,146,543335,543335
917,155,2574265,2574265
918,174,7548448,7548448
919,95,6241348,6241348
920,114,1289923,1289923
921,147,2310140,2310140
922,136,6156398,6156398
923,102,5274512,5274512
924,167,4675638,4675638
925,64,1903351,1903351
926,7,3121368,3121368
927,128,8686324,8686324
928,100,9423304,9423304
929,31,4391883,4391883
930,199,4366937,4366937
931,181,7487220,7487220
932,55,4791184,4791184
933,178,8240971,8240971
934,52,2057514,2057514
935,35,1242387,1242387
936,116,2896693,2896693
937,183,7467726,7467726
938,23,5361793,5361793
939,171,5828829,5828829
940,182,1089496,1089496
941,141,9096126,9096126
942,75,5032437,5032437
943,41,2920762,2920762
944,93,8535505,8535505
945,58,2036124,2036124
946,52,2329967,2329967
947,61,8288312,8288312
948,7,6054838,6054838
949,142,9601221,9601221
950,95,7841768,7841768
951,142,2177199,2177199
952,157,1446455,1446455
953,17,5189037,5189037
954,102,8030667,8030667
955,135,6891998,6891998
956,197,6869154,6869154
957,148,1237331,1237331
958,33,5318841,5318841
959,165,1244282,1244282
960,116,7815384,7815384
961,175,8679860,8679860
962,89,2153097,2153097
963,200,9249336,9249336
964,164,9861412,9861412
965,47,2164813,2164813
966,111,8436654,8436654
967,15,2083077,2083077
968,133,2567173,2567173
969,78,2762487,2762487
970,42,5413349,5413349
971,182,3782763,3782763
972,89,8705660,8705660
973,73,1323049,1323049
974,65,3293399,3293399
975,163,9241585,9241585
976,71,2100009,2100009
977,161,5080553,5080553
978,158,8950276,8950276
979,24,8431778,8431778
980,165,2829240,2829240
981,152,9741631,9741631
982,40,2872269,2872269
983,169,5664316,5664316
984,145,691125,691125
985,8,1362693,1362693
986,12,9676615,9676615
987,68,3536777,3536777
988,197,9598869,9598869
989,107,508113,508113
990,128,9153271,9153271
991,75,5068298,5068298
992,124,4108369,4108369
993,176,6813102,6813102
994,77,7609207,7609207
995,19,1005173,1005173
996,41,7375356,7375356
997,107,8124385,8124385
998,119,3422938,3422938
999,88,2410360,2410360
1000,81,5357240,5357240
1001,188,5794356,5794356
1002,103,2193891,2193891
1003,195,6216632,6216632
1004,132,9422943,9422943
1005,28,5353876,5353876
1006,62,7826111,7826111
1007,32,4487430,4487430
1008,116,4159388,4159388
1009,37,1624230,1624230
1010,13,4868949,4868949
1011,99,7015136,7015136
1012,64,2679315,2679315
1013,84,9691980,9691980
1014,185,5246485,5246485
1015,49,2673322,2673322
1016,128,8635649,8635649
1017,120,8367799,8367799
1018,79,8344488,8344488
1019,6,1510773,1510773
1020,101,8479950,8479950
1021,118,4038756,4038756
1022,56,9786890,9786890
1023,91,816348,816348
1024,13,4720376,4720376
1025,127,7895137,7895137
1026,74,9004176,9004176
1027,3,1803501,1803501
1028,111,2247055,2247055
1029,68,6136730,6136730
1030,196,6765480,6765480
1031,94,759041,759041
1032,103,858283,858283
1033,146,9425722,9425722
1034,50,6082139,6082139
1035,142,4841933,4841933
1036,19,6481857,6481857
1037,130,7555692,7555692
1038,196,9225071,9225071
1039,72,1993318,1993318
1040,33,1622046,1622046
1041,101,6261229,6261229
1042,87,9358865,9358865
1043,94,2420404,2420404
1044,51,8541658,8541658
1045,103,8389915,8389915
1046,11,760064,760064
1047,10,2299088,2299088
1048,183,5587495,5587495
1049,122,8712957,8712957
1050,117,2498809,2498809
1051,156,8648751,8648751
1052,36,5502353,5502353
1053,157,5344047,5344047
1054,42,6592683,6592683
1055,158,5020319,5020319
1056,152,5643410,5643410
1057,130,8551583,8551583
1058,137,8218263,8218263
1059,182,9444301,9444301
1060,77,7967375,7967375
1061,5,6180018,6180018
1062,85,1838859,1838859
1063,107,9792896,9792896
1064,79,447065,447065
1065,153,7962302,7962302
1066,68,9705188,9705188
1067,148,3817541,3817541
1068,185,861596,861596
1069,150,8060593,8060593
1070,44,8795159,8795159
1071,162,6378535,6378535
1072,38,4063384,4063384
1073,9,9606135,9606135
1074,180,1843740,1843740
1075,49,317716,317716
1076,113,5262886,5262886
1077,108,2540594,2540594
1078,106,3420734,3420734
1079,106,8419134,8419134
1080,199,7912226,7912226
1081,189,1044906,1044906
1082,181,2316639,2316639
1083,133,3478616,3478616
1084,144,5453426,5453426
1085,170,8025733,8025733
1086,135,6322070,6322070
1087,81,2905518,2905518
1088,118,8944387,8944387
1089,88,9164943,9164943
1090,91,4435261,4435261
1091,157,8123194,8123194
1092,50,4135904,4135904
1093,72,9363140,9363140
1094,77,3772642,3772642
1095,77,4848684,4848684
1096,181,3477544,3477544
1097,177,8204110,8204110
1098,82,8049765,8049765
1099,90,9403421,9403421
1100,185,4587856,4587856
1101,74,2044708,2044708
1102,147,9113230,9113230
1103,98,6619156,6619156
1104,89,2457461,2457461
1105,75,705758,705758
1106,74,1325893,1325893
1107,89,7421839,7421839
1108,168,4302415,4302415
1109,192,8037616,8037616
1110,55,3390138,3390138
1111,138,4548852,4548852
1112,144,4557052,4557052
1113,36,1832517,1832517
1114,158,9845382,9845382
1115,62,4067770,4067770
1116,13,8909397,8909397
1117,58,3906349,3906349
1118,14,1681042,1681042
1119,106,5541407,5541407
1120,184,7925622,7925622
1121,26,2306314,2306314
1122,2,9233383,9233383
1123,41,6826774,6826774
1124,168,7980915,7980915
1125,123,3346315,3346315
1126,194,4819172,4819172
1127,83,4788474,4788474
1128,166,992583,992583
1129,197,1500901,1500901
1130,167,9632359,9632359
1131,60,8978365,8978365
1132,190,625760,625760
1133,45,7010946,7010946
1134,46,609681,609681
1135,102,8311162,8311162
1136,48,4856449,4856449
1137,10,155477,155477
1138,77,9528818,9528818
1139,155,1800206,1800206
1140,86,4774152,4774152
1141,117,9115069,9115069
1142,135,8286475,8286475
1143,35,8459284,8459284
1144,120,4577446,4577446
1145,50,1889899,1889899
1146,85,2726201,2726201
1147,188,7699307,7699307
1148,166,4316188,4316188
1149,184,3123902,3123902
1150,4,5655803,5655803
1151,76,9525788,9525788
1152,173,3240708,3240708
1153,45,6802999,6802999
1154,110,8644974,8644974
1155,84,1455218,1455218
1156,103,1600296,1600296
1157,48,2359075,2359075
1158,123,5429135,5429135
1159,64,114590,114590
1160,67,6435310,6435310
1161,61,7494978,7494978
1162,193,4479421,4479421
1163,85,5065810,5065810
1164,150,9611287,9611287
1165,3,4388133,4388133
1166,168,6032283,6032283
1167,178,3964499,3964499
1168,16,1983483,1983483
1169,120,5147356,5147356
1170,41,6801762,6801762
1171,176,8430894,8430894
1172,181,5217344,5217344
1173,177,1969909,1969909
1174,164,4949909,4949909
1175,95,3705235,3705235
1176,57,2240912,2240912
1177,123,2570027,2570027
1178,117,6268384,6268384
1179,107,9214625,9214625
1180,121,9018050,9018050
1181,171,3664338,3664338
1182,196,4151780,4151780
1183,175,9996107,9996107
1184,21,8816538,8816538
1185,115,8861274,8861274
1186,181,6069742,6069742
1187,20,9465180,9465180
1188,29,1036128,1036128
1189,141,8480665,8480665
1190,52,9608339,9608339
1191,138,2514105,2514105
1192,43,5504900,5504900
1193,134,7412854,7412854
1194,30,3446065,3446065
1195,184,9783594,9783594
1196,126,1525747,1525747
1197,131,7473959,7473959
1198,15,7607331,7607331
1199,34,8610869,8610869
1200,107,7663806,7663806
1201,145,968662,968662
1202,144,7757420,7757420
1203,173,5170227,5170227
1204,186,365247,365247
1205,102,4269083,4269083
1206,1,3655777,3655777
1207,149,1225232,1225232
1208,12,7108462,7108462
1209,89,1069713,1069713
1210,139,1010921,1010921
1211,18,7920040,7920040
1212,9,4816582,4816582
1213,105,3019585,3019585
1214,197,2272119,2272119
1215,197,7052503,7052503
1216,96,6416943,6416943
1217,115,6333337,6333337
1218,97,1346371,1346371
1219,175,9047957,9047957
1220,35,5834610,5834610
1221,31,2994290,2994290
1222,138,6594429,6594429
1223,136,2136529,2136529
1224,187,3736121,3736121
1225,1,381435,381435
1226,77,7767916,7767916
1227,173,9134277,9134277
1228,109,8924365,8924365
1229,98,3853123,3853123
1230,64,7728009,7728009
1231,89,2602504,2602504
1232,71,3162177,3162177
1233,186,1893218,1893218
1234,9,7033690,7033690
1235,158,262492,262492
1236,62,3457475,3457475
1237,18,1692765,1692765
1238,153,563316,563316
1239,115,816653,816653
1240,63,742169,742169
1241,103,7364573,7364573
1242,60,9055666,9055666
1243,56,946973,946973
1244,36,8453969,8453969
1245,75,3928578,3928578
1246,188,9665527,9665527
1247,82,9688419,9688419
1248,154,5379867,5379867
1249,61,5062767,5062767
1250,37,8745141,8745141
1251,57,6938388,6938388
1252,77,4616316,4616316
1253,16,9340180,9340180
1254,152,2938247,2938247
1255,161,7167236,7167236
1256,143,8315137,8315137
1257,13,5778321,5778321
1258,165,6394713,6394713
1259,135,5347476,5347476
1260,179,6984768,6984768
1261,105,2503456,2503456
1262,77,6315953,6315953
1263,48,9024938,9024938
1264,122,4042775,4042775
1265,58,5045519,5045519
1266,182,2421820,2421820
1267,119,966769,966769
1268,144,6923579,6923579
1269,107,9349720,9349720
1270,136,2249703,2249703
1271,100,4074489,4074489
1272,66,3411424,3411424
1273,85,1326581,1326581
1274,116,6225647,6225647
1275,24,8986473,8986473
1276,186,3195751,3195751
1277,14,4504038,4504038
1278,97,663497,663497
1279,19,3156856,3156856
1280,195,9858018,9858018
1281,186,9375955,9375955
1282,56,8042900,8042900
1283,54,5586214,5586214
1284,78,257256,257256
1285,55,3188068,3188068
1286,190,1968239,1968239
1287,192,8034958,8034958
1288,63,3431161,3431161
1289,102,4015307,4015307
1290,142,5395804,5395804
1291,199,4748945,4748945
1292,98,7822384,7822384
1293,137,6027375,6027375
1294,79,4388275,4388275
1295,93,8603633,8603633
1296,128,7818250,7818250
1297,26,7876742,7876742
1298,195,5372622,5372622
1299,53,6219396,6219396
1300,81,6944595,6944595
1301,12,9437598,9437598
1302,57,2448176,2448176
1303,5,4375063,4375063
1304,142,9798429,9798429
1305,149,7005797,7005797
1306,76,2557039,2557039
1307,51,5534221,5534221
1308,59,6372653,6372653
1309,146,4122665,4122665
1310,128,9238248,9238248
1311,168,5663388,5663388
1312,66,8197701,8197701
1313,186,8230828,8230828
1314,118,2822492,2822492
1315,188,5908535,5908535
1316,44,2348114,2348114
1317,185,9169525,9169525
1318,126,3087809,3087809
1319,139,985360,985360
1320,135,567468,567468
1321,20,813936,813936
1322,196,107102,107102
1323,106,2306725,2306725
1324,162,3882808,3882808
1325,18,2533857,2533857
1326,3,3669507,3669507
1327,130,7650572,7650572
1328,96,1014184,1014184
1329,159,8106820,8106820
1330,169,8184838,8184838
1331,5,110936,110936
1332,137,9255043,9255043
1333,106,198826,198826
1334,5,8882154,8882154
1335,185,4609384,4609384
1336,138,4809835,4809835
1337,5,8425786,8425786
1338,179,7223819,7223819
1339,46,1795437,1795437
1340,25,8797727,8797727
1341,39,4042786,4042786
1342,50,8832465,8832465
1343,65,5946534,5946534
1344,69,6658817,6658817
1345,21,6258766,6258766
1346,104,7700704,7700704
1347,145,4080351,4080351
1348,179,3789255,3789255
1349,77,1352527,1352527
1350,168,531577,531577
1351,24,6799441,6799441
1352,98,6327855,6327855
1353,142,7986040,7986040
1354,15,158547,158547
1355,180,2875339,2875339
1356,22,8386232,8386232
1357,112,5557798,5557798
1358,145,1599906,1599906
1359,136,713900,713900
1360,59,3546989,3546989
1361,178,9509060,9509060
1362,122,4548220,4548220
1363,12,1247353,1247353
1364,176,4703878,4703878
1365,140,9454126,9454126
1366,169,552000,552000
1367,46,5276177,5276177
1368,5,3475536,3475536
1369,151,2419132,2419132
1370,193,6682298,6682298
1371,20,5021033,5021033
1372,42,9461648,9461648
1373,62,9507579,9507579
1374,100,9069132,9069132
1375,85,6439870,6439870
1376,194,2347981,2347981
1377,177,1315798,1315798
1378,129,5802559,5802559
1379,14,1638895,1638895
1380,112,3894730,3894730
1381,20,5714198,5714198
1382,155,9992655,9992655
1383,102,5475691,5475691
1384,8,4585666,4585666
1385,116,8230960,8230960
1386,59,5969521,5969521
1387,142,6298619,6298619
1388,111,3116163,3116163
1389,175,9829353,9829353
1390,170,6376562,6376562
1391,22,4955645,4955645
1392,64,1233237,1233237
1393,22,4495824,4495824
1394,40,6375341,6375341
1395,183,2588336,2588336
1396,190,6536772,6536772
1397,82,6051545,6051545
1398,28,1535458,1535458
1399,2,5171869,5171869
1400,114,6038413,6038413
1401,195,4525929,4525929
1402,27,2223098,2223098
1403,23,3143912,3143912
1404,111,7530347,7530347
1405,143,9306992,9306992
1406,132,6845845,6845845
1407,27,440601,440601
1408,23,5937696,5937696
1409,142,1561359,1561359
1410,153,5443037,5443037
1411,99,207041,207041
1412,75,6942580,6942580
1413,100,1421022,1421022
1414,186,9387465,9387465
1415,63,9595903,9595903
1416,134,2845129,2845129
1417,176,6387623,6387623
1418,44,2329349,2329349
1419,69,5052144,5052144
1420,69,8273246,8273246
1421,38,1061446,1061446
1422,43,7292657,7292657
1423,71,7064924,7064924
1424,77,8124053,8124053
1425,20,6058670,6058670
1426,65,4137094,4137094
1427,185,8318184,8318184
1428,153,3280754,3280754
1429,118,1794698,1794698
1430,35,5111313,5111313
1431,2,6638609,6638609
1432,86,6373495,6373495
1433,85,7385715,7385715
1434,86,7224541,7224541
1435,167,9972258,9972258
1436,35,5040467,5040467
1437,83,3369728,3369728
1438,123,5271120,5271120
1439,46,6681351,6681351
1440,82,4889688,4889688
1441,189,8237735,8237735
1442,148,4067204,4067204
1443,84,6309161,6309161
1444,72,6592357,6592357
1445,94,1910720,1910720
1446,145,3352088,3352088
1447,152,9154137,9154137
1448,47,9229132,9229132
1449,7,7744735,7744735
1450,182,3517316,3517316
1451,113,4887726,4887726
1452,178,1160289,1160289
1453,105,8376917,8376917
1454,36,5080688,5080688
1455,62,4239295,4239295
1456,169,2586094,2586094
1457,184,7098909,7098909
1458,97,1240929,1240929
1459,115,8040224,8040224
1460,150,6724393,6724393
1461,137,8499549,8499549
1462,178,7017921,7017921
1463,140,616817,616817
1464,93,9007787,9007787
1465,153,1425760,1425760
1466,28,4164624,4164624
1467,169,5956059,5956059
1468,43,743175,743175
1469,145,6704473,6704473
1470,193,5563269,5563269
1471,111,1777454,1777454
1472,3,1654343,1654343
1473,67,3724560,3724560
1474,131,8703982,8703982
1475,143,9739480,9739480
1476,177,9650848,9650848
1477,57,7478923,7478923
1478,96,6562142,6562142
1479,119,9874900,9874900
1480,177,8396422,8396422
1481,39,5787592,5787592
1482,7,8099554,8099554
1483,27,4956530,4956530
1484,107,1440404,1440404
1485,30,2376915,2376915
1486,90,5232651,5232651
1487,88,7639213,7639213
1488,53,8742856,8742856
1489,124,5843509,5843509
1490,122,1637842,1637842
1491,113,7590804,7590804
1492,82,1126998,1126998
1493,77,749657,749657
1494,182,1930810,1930810
1495,6,5755892,5755892
1496,166,1834801,1834801
1497,174,2757404,2757404
1498,190,4092180,4092180
1499,133,2926839,2926839
1500,142,2686631,2686631
1501,85,9392706,9392706
1502,110,7751982,7751982
1503,60,6795568,6795568
1504,162,3094587,3094587
1505,48,7250013,7250013
1506,102,489765,489765
1507,189,3310554,3310554
1508,116,9935520,9935520
1509,110,6523581,6523581
1510,2,3603680,3603680
1511,53,4669851,4669851
1512,193,1049645,1049645
1513,148,1707116,1707116
1514,138,3136665,3136665
1515,94,5469119,5469119
1516,51,7676422,7676422
1517,30,4401559,4401559
1518,172,8212178,8212178
1519,136,5258048,5258048
1520,153,6520284,6520284
1521,157,6585795,6585795
1522,151,1916496,1916496
1523,90,5905327,5905327
1524,118,2894531,2894531
1525,173,4990296,4990296
1526,158,9901382,9901382
1527,22,2247270,2247270
1528,81,1977390,1977390
1529,62,5123426,5123426
1530,30,3070977,3070977
1531,96,2371602,2371602
1532,131,6517332,6517332
1533,108,2313029,2313029
1534,148,6437584,6437584
1535,109,3116429,3116429
1536,125,9015728,9015728
1537,178,2906397,2906397
1538,143,2799538,2799538
1539,126,4845843,4845843
1540,36,3138993,3138993
1541,81,7566540,7566540
1542,159,899447,899447
1543,92,160783,160783
1544,125,2290672,2290672
1545,50,6441514,6441514
1546,144,8479842,8479842
1547,168,8304216,8304216
1548,105,8249791,8249791
1549,107,7446596,7446596
1550,126,2806047,2806047
1551,22,9485801,9485801
1552,8,3699871,3699871
1553,75,548532,548532
1554,71,3772246,3772246
1555,138,4843084,4843084
1556,44,7672579,7672579
1557,145,8309978,8309978
1558,141,8569902,8569902
1559,29,9608547,9608547
1560,30,4494430,4494430
1561,199,9111809,9111809
1562,94,9093978,9093978
1563,194,698108,698108
1564,195,7404902,7404902
1565,140,3666525,3666525
1566,109,1718262,1718262
1567,189,4152891,4152891
1568,77,540736,540736
1569,116,4409307,4409307
1570,90,1459332,1459332
1571,113,1969410,1969410
1572,199,3975295,3975295
1573,54,9863726,9863726
1574,177,5882609,5882609
1575,182,7183451,7183451
1576,43,2335975,2335975
1577,53,3471922,3471922
1578,16,9564260,9564260
1579,90,8930189,8930189
1580,72,9039036,9039036
1581,44,5430006,5430006
1582,181,4909595,4909595
1583,75,9608908,9608908
1584,69,8630451,8630451
1585,174,1597613,1597613
1586,35,6905438,6905438
1587,16,4652716,4652716
1588,168,2128830,2128830
1589,180,2226183,2226183
1590,64,2453557,2453557
1591,183,5403886,5403886
1592,64,6588425,6588425
1593,126,2385244,2385244
1594,148,4508325,4508325
1595,161,6949543,6949543
1596,97,7583162,7583162
1597,20,1561871,1561871
1598,104,8650558,8650558
1599,192,4667852,4667852
1600,178,6191986,6191986
1601,117,8188027,8188027
1602,84,9763593,9763593
1603,1,1562657,1562657
1604,188,7691502,7691502
1605,163,6009980,6009980
1606,17,8966154,8966154
1607,102,3654579,3654579
1608,110,3554277,3554277
1609,127,4505300,4505300
1610,83,4757902,4757902
1611,87,9182347,9182347
1612,148,2191007,2191007
1613,145,8142618,8142618
1614,88,812172,812172
1615,12,1670586,1670586
1616,161,7710502,7710502
1617,5,2084353,2084353
1618,41,7403549,7403549
1619,117,11340,11340
1620,110,3394336,3394336
1621,177,2213134,2213134
1622,167,5064462,5064462
1623,41,4597283,4597283
1624,24,6047102,6047102
1625,65,1382787,1382787
1626,96,2777050,2777050
1627,14,6649508,6649508
1628,161,5125594,5125594
1629,186,3928281,3928281
1630,110,1530068,1530068
1631,181,1596917,1596917
1632,1,3580613,3580613
1633,123,1307594,1307594
1634,34,9960289,9960289
1635,58,8714828,8714828
1636,175,7466983,7466983
1637,3,135267,135267
1638,179,5764217,5764217
1639,31,7085252,7085252
1640,178,2217531,2217531
1641,123,1188301,1188301
1642,59,6426846,6426846
1643,23,1718442,1718442
1644,27,5257165,5257165
1645,95,5020671,5020671
1646,36,6420993,6420993
1647,199,2233823,2233823
1648,165,2396676,2396676
1649,18,8900451,8900451
1650,145,142182,142182
1651,157,2753418,2753418
1652,113,5891952,5891952
1653,185,3574477,3574477
1654,161,2539636,2539636
1655,106,7421969,7421969
1656,56,1454383,1454383
1657,26,2349030,2349030
1658,193,2066235,2066235
1659,151,6442986,6442986
1660,90,7203947,7203947
1661,81,2345961,2345961
1662,64,4646746,4646746
1663,166,1413458,1413458
1664,64,9284454,9284454
1665,154,4780177,4780177
1666,200,450038,450038
1667,169,5060836,5060836
1668,53,8686388,8686388
1669,156,8548370,8548370
1670,49,6572491,6572491
1671,76,915518,915518
1672,62,8302838,8302838
1673,99,1891524,1891524
1674,62,8381604,8381604
1675,164,9964488,9964488
1676,19,8863176,8863176
1677,4,6058222,6058222
1678,82,2214305,2214305
1679,100,9535840,9535840
1680,108,6130603,6130603
1681,140,2898604,2898604
1682,196,7902314,7902314
1683,198,1224599,1224599
1684,5,9854324,9854324
1685,18,231415,231415
1686,68,3619565,3619565
1687,11,1014499,1014499
1688,102,8499515,8499515
1689,74,8406206,8406206
1690,197,6969792,6969792
1691,109,6749095,6749095
1692,22,9002063,9002063
1693,138,2561552,2561552
1694,72,1402526,1402526
1695,80,1325761,1325761
1696,131,3409088,3409088
1697,40,8999133,8999133
1698,84,6555386,6555386
1699,151,1109227,1109227
1700,80,7339797,7339797
1701,187,4003671,4003671
1702,15,4101689,4101689
1703,23,7289425,7289425
1704,30,7606317,7606317
1705,157,923227,923227
1706,80,2946849,2946849
1707,31,212482,212482
1708,182,2302031,2302031
1709,180,190431,190431
1710,42,8328426,8328426
1711,89,8774573,8774573
1712,133,4349442,4349442
1713,43,6238933,6238933
1714,33,4509119,4509119
1715,188,1980663,1980663
1716,198,492516,492516
1717,86,7202871,7202871
1718,70,8788815,8788815
1719,17,4411563,4411563
1720,183,9674609,9674609
1721,161,1293020,1293020
1722,128,7636951,7636951
1723,131,6041876,6041876
1724,15,8382064,8382064
1725,146,2799805,2799805
1726,95,2639223,2639223
1727,66,1726457,1726457
1728,147,1934976,1934976
1729,59,8536665,8536665
1730,1,738833,738833
1731,4,4102892,4102892
1732,12,7914896,7914896
1733,94,6425329,6425329
1734,39,3002466,3002466
1735,10,9275531,9275531
1736,183,7035849,7035849
1737,58,5398941,5398941
1738,64,6983626,6983626
1739,185,5367620,5367620
1740,70,1306728,1306728
1741,147,6254683,6254683
1742,31,8422849,8422849
1743,173,883692,883692
1744,46,3744423,3744423
1745,133,770553,770553
1746,103,1156393,1156393
1747,120,4736323,4736323
1748,199,5212643,5212643
1749,84,1449308,1449308
1750,142,7662929,7662929
1751,3,6189439,6189439
1752,52,4892153,4892153
1753,145,5098752,5098752
1754,190,4069884,4069884
1755,119,6178606,6178606
1756,152,8277218,8277218
1757,198,3278644,3278644
1758,188,9169742,9169742
1759,195,4112546,4112546
1760,39,107003,107003
1761,105,401147,401147
1762,60,9085620,9085620
1763,89,160974,160974
1764,86,24528,24528
1765,195,6312844,6312844
1766,189,5159172,5159172
1767,27,3442590,3442590
1768,136,3995789,3995789
1769,108,8254874,8254874
1770,16,2388630,2388630
1771,183,4694689,4694689
1772,24,736524,736524
1773,60,8720112,8720112
1774,106,6249378,6249378
1775,118,1424426,1424426
1776,149,1603516,1603516
1777,130,2239990,2239990
1778,164,6616116,6616116
1779,20,9930363,9930363
1780,146,1044933,1044933
1781,112,2192921,2192921
1782,61,4893511,4893511
1783,67,5284972,5284972
1784,101,5473593,5473593
1785,82,7596016,7596016
1786,70,3919346,3919346
1787,20,3400953,3400953
1788,35,9809773,9809773
1789,28,2607356,2607356
1790,28,2757754,2757754
1791,116,7819107,7819107
1792,81,6820148,6820148
1793,31,8991321,8991321
1794,92,3483557,3483557
1795,116,5172545,5172545
1796,119,4446095,4446095
1797,31,1517010,1517010
1798,41,5103880,5103880
1799,181,676621,676621
1800,56,5499465,5499465
1801,38,1530298,1530298
1802,183,4164420,4164420
1803,92,6647878,6647878
1804,132,821255,821255
1805,174,5013715,5013715
1806,67,2917016,2917016
1807,8,6784575,6784575
1808,116,9327356,9327356
1809,192,9229497,9229497
1810,64,1589226,1589226
1811,119,1709721,1709721
1812,36,2037647,2037647
1813,4,1034637,1034637
1814,200,3729376,3729376
1815,34,3324120,3324120
1816,103,6245146,6245146
1817,176,1409947,1409947
1818,150,9833440,9833440
1819,67,1258076,1258076
1820,6,1081661,1081661
1821,51,7439543,7439543
1822,33,1543145,1543145
1823,85,2055673,2055673
1824,11,7734211,7734211
1825,13,2818391,2818391
1826,147,7267158,7267158
1827,186,6626978,6626978
1828,128,494630,494630
1829,98,7158234,7158234
1830,45,5938182,5938182
1831,55,3139874,3139874
1832,71,4695180,4695180
1833,115,2493621,2493621
1834,9,4123584,4123584
1835,166,4951043,4951043
1836,128,6912082,6912082
1837,141,8036805,8036805
1838,16,1471723,1471723
1839,72,6425930,6425930
1840,36,7033593,7033593
1841,52,8821696,8821696
1842,64,9121045,9121045
1843,5,6417252,6417252
1844,183,6024901,6024901
1845,123,9135492,9135492
1846,125,5771934,5771934
1847,145,8428760,8428760
1848,83,6515956,6515956
1849,70,3016809,3016809
1850,7,5349877,5349877
1851,153,3674549,3674549
1852,8,4713268,4713268
1853,15,7913550,7913550
1854,136,5996728,5996728
1855,197,9797708,9797708
1856,60,2678059,2678059
1857,26,4158351,4158351
1858,169,4045872,4045872
1859,69,8953825,8953825
1860,189,937991,937991
1861,196,3681115,3681115
1862,148,6516648,6516648
1863,91,2914404,2914404
1864,46,3968669,3968669
1865,152,5335227,5335227
1866,189,6019382,6019382
1867,152,473227,473227
1868,181,5900247,5900247
1869,146,9455747,9455747
1870,37,9447399,9447399
1871,49,8258194,8258194
1872,139,5185050,5185050
1873,45,8228157,8228157
1874,10,1514267,1514267
1875,15,3902772,3902772
1876,155,3671004,3671004
1877,6,8832340,8832340
1878,123,11467,11467
1879,85,3380011,3380011
1880,34,5716988,5716988
1881,184,2977282,2977282
1882,83,999183,999183
1883,6,2478196,2478196
1884,151,2376537,2376537
1885,199,1860938,1860938
1886,135,6121835,6121835
1887,19,6267813,6267813
1888,181,6636992,6636992
1889,151,1695038,1695038
1890,87,5062779,5062779
1891,83,2289279,2289279
1892,41,7329435,7329435
1893,164,8173859,8173859
1894,167,5323132,5323132
1895,45,9428414,9428414
1896,178,5986539,5986539
1897,58,9880943,9880943
1898,45,6348231,6348231
1899,79,4941179,4941179
1900,33,2981450,2981450
1901,187,30163,30163
1902,180,9610573,9610573
1903,101,9520780,9520780
1904,9,3054824,3054824
1905,155,5338793,5338793
1906,157,3706007,3706007
1907,164,9488358,9488358
1908,27,8324603,8324603
1909,37,5556084,5556084
1910,191,1305378,1305378
1911,61,5818508,5818508
1912,82,2816683,2816683
1913,163,1488575,1488575
1914,182,5632941,5632941
1915,115,191186,191186
1916,68,3517918,3517918
1917,64,1137407,1137407
1918,90,4306005,4306005
1919,28,21494,21494
1920,13,6474950,6474950
1921,113,7040612,7040612
1922,43,6946088,6946088
1923,127,6353742,6353742
1924,90,9160762,9160762
1925,97,1701688,1701688
1926,123,9698161,9698161
1927,167,3784650,3784650
1928,42,7571346,7571346
1929,19,560573,560573
1930,76,336852,336852
1931,82,4380995,4380995
1932,27,1244876,1244876
1933,88,2853891,2853891
1934,97,2699529,2699529
1935,188,1258331,1258331
1936,141,1562037,1562037
1937,87,9966178,9966178
1938,158,8098979,8098979
1939,181,519979,519979
1940,111,2768193,2768193
1941,156,7284673,7284673
1942,41,898516,898516
1943,26,5554845,5554845
1944,53,3187406,3187406
1945,105,9296463,9296463
1946,185,9061801,9061801
1947,68,4723173,4723173
1948,77,3985398,3985398
1949,25,832744,832744
1950,101,9592705,9592705
1951,141,8236745,8236745
1952,40,914439,914439
1953,93,64014,64014
1954,110,1470159,1470159
1955,76,8058573,8058573
1956,52,1627170,1627170
1957,7,3472094,3472094
1958,44,4895783,4895783
1959,21,7945197,7945197
1960,30,5173311,5173311
1961,102,7901136,7901136
1962,126,4446036,4446036
1963,24,9128919,9128919
1964,100,3101792,3101792
1965,95,6399588,6399588
1966,95,3130342,3130342
1967,115,748547,748547
1968,68,7377620,7377620
1969,120,4419132,4419132
1970,58,4505722,4505722
1971,145,1034137,1034137
1972,39,1622400,1622400
1973,22,5767862,5767862
1974,139,6945543,6945543
1975,194,9893967,9893967
1976,59,9287898,9287898
1977,16,6494562,6494562
1978,134,7023480,7023480
1979,138,7966231,7966231
1980,147,3953417,3953417
1981,122,5013906,5013906
1982,21,6623718,6623718
1983,183,582647,582647
1984,129,9583480,9583480
1985,133,9587934,9587934
1986,174,2473761,2473761
1987,31,7533636,7533636
1988,45,2804559,2804559
1989,55,3233407,3233407
1990,33,715982,715982
1991,109,1314805,1314805
1992,175,7304686,7304686
1993,52,2480985,2480985
1994,153,4326615,4326615
1995,82,1124274,1124274
1996,23,6511223,6511223
1997,143,6666510,6666510
1998,142,5471499,5471499
1999,71,8718920,8718920
2000,118,207430,207430
2001,180,9857890,9857890
2002,134,7039616,7039616
2003,29,6953189,6953189
2004,39,2486379,2486379
2005,146,9863897,9863897
2006,150,1681144,1681144
2007,28,9440266,9440266
2008,200,1694338,1694338
2009,74,8986438,8986438
2010,89,6893590,6893590
2011,68,6426403,6426403
2012,168,8146760,8146760
2013,147,7936405,7936405
2014,10,2889032,2889032
2015,71,6760781,6760781
2016,37,6739741,6739741
2017,10,6640300,6640300
2018,85,3985919,3985919
2019,13,7972838,7972838
2020,69,6248518,6248518
2021,6,5668452,5668452
2022,78,5216863,5216863
2023,72,8248001,8248001
2024,179,1647814,1647814
2025,59,2254614,2254614
2026,77,7434162,7434162
2027,199,5383277,5383277
2028,69,6992286,6992286
2029,155,1497984,1497984
2030,49,7410774,7410774
2031,55,6831185,6831185
2032,190,8127895,8127895
2033,195,8665455,8665455
2034,96,942977,942977
2035,132,2667115,2667115
2036,17,5219779,5219779
2037,182,8502613,8502613
2038,104,2275826,2275826
2039,200,8796063,8796063
2040,146,485669,485669
2041,45,3234033,3234033
2042,52,966829,966829
2043,64,554840,554840
2044,117,848243,848243
2045,93,3340507,3340507
2046,71,6179919,6179919
2047,119,8474614,8474614
2048,102,2078241,2078241
2049,175,512765,512765
2050,62,6248955,6248955
2051,126,9966397,9966397
2052,115,2979359,2979359
2053,122,9846216,9846216
2054,142,5867997,5867997
2055,89,2743303,2743303
2056,67,1516524,1516524
2057,73,460542,460542
2058,99,833006,833006
2059,42,9600897,9600897
2060,200,3595669,3595669
2061,57,3776753,3776753
2062,174,3468370,3468370
2063,69,6870390,6870390
2064,132,336422,336422
2065,200,149283,149283
2066,122,2219862,2219862
2067,166,2905824,2905824
2068,154,141997,141997
2069,58,4234408,4234408
2070,156,5124763,5124763
2071,183,4620085,4620085
2072,109,6316209,6316209
2073,90,7700708,7700708
2074,65,3660940,3660940
2075,120,5069153,5069153
2076,174,8734854,8734854
2077,160,6663113,6663113
2078,150,1716512,1716512
2079,2,8581776,8581776
2080,170,6278533,6278533
2081,144,9961850,9961850
2082,156,4742531,4742531
2083,77,1813693,1813693
2084,124,1071008,1071008
2085,87,4638619,4638619
2086,164,5454894,5454894
2087,71,4381318,4381318
2088,168,5012883,5012883
2089,49,2515396,2515396
2090,133,4031599,4031599
2091,15,6779646,6779646
2092,170,5361758,5361758
2093,175,2347627,2347627
2094,185,427068,427068
2095,168,8344531,8344531
2096,76,4352450,4352450
2097,108,6788043,6788043
2098,100,592554,592554
2099,150,9597279,9597279
2100,49,5757387,5757387
2101,186,3730635,3730635
2102,176,8969688,8969688
2103,164,7981512,7981512
2104,172,6014583,6014583
2105,130,5036433,5036433
2106,44,9365848,9365848
2107,47,4928878,4928878
2108,25,7898392,7898392
2109,33,4339457,4339457
2110,186,9378994,9378994
2111,196,3071377,3071377
2112,175,5630978,5630978
2113,168,1498202,1498202
2114,57,5960666,5960666
2115,58,5152035,5152035
2116,108,5558579,5558579
2117,96,4371458,4371458
2118,150,4933359,4933359
2119,119,1976045,1976045
2120,121,900549,900549
2121,163,9790757,9790757
2122,149,1194801,1194801
2123,121,3263903,3263903
2124,129,2010177,2010177
2125,175,6403346,6403346
2126,136,5005578,5005578
2127,106,907009,907009
2128,39,2304606,2304606
2129,52,5749046,5749046
2130,105,9553006,9553006
2131,118,2402902,2402902
2132,81,3025884,3025884
2133,200,1355791,1355791
2134,125,5580596,5580596
2135,162,2966618,2966618
2136,81,973306,973306
2137,2,7584194,7584194
2138,71,3512853,3512853
2139,195,2828735,2828735
2140,148,2658100,2658100
2141,126,1477088,1477088
2142,34,7276470,7276470
2143,163,7204299,7204299
2144,104,7197852,7197852
2145,123,6430982,6430982
2146,2,632925,632925
2147,137,3345615,3345615
2148,188,6259602,6259602
2149,4,5405839,5405839
2150,194,8909268,8909268
2151,49,300582,300582
2152,174,69186,69186
2153,161,4174559,4174559
2154,58,5777230,5777230
2155,80,2163099,2163099
2156,27,6434909,6434909
2157,129,9876255,9876255
2158,79,2802133,2802133
2159,17,767026,767026
2160,77,4879280,4879280
2161,117,8728991,8728991
2162,153,8793234,8793234
2163,87,7275695,7275695
2164,176,2244614,2244614
2165,88,8223833,8223833
2166,92,3161264,3161264
2167,43,6767788,6767788
2168,5,3832222,3832222
2169,58,2201267,2201267
2170,55,367643,367643
2171,151,8466346,8466346
2172,44,2066315,2066315
2173,94,626854,626854
2174,97,4291430,4291430
2175,198,8971338,8971338
2176,160,815153,815153
2177,153,804641,804641
2178,170,1813842,1813842
2179,168,331211,331211
2180,13,1942630,1942630
2181,107,7454356,7454356
2182,98,2073581,2073581
2183,141,4240244,4240244
2184,122,2569046,2569046
2185,53,156104,156104
2186,78,7061051,7061051
2187,170,1694160,1694160
2188,170,8729340,8729340
2189,70,2301222,2301222
2190,108,1760168,1760168
2191,131,1975258,1975258
2192,73,1912813,1912813
2193,28,8350675,8350675
2194,51,3351238,3351238
2195,200,4412305,4412305
2196,134,3383514,3383514
2197,92,6874568,6874568
2198,76,2690622,2690622
2199,11,9196242,9196242
2200,128,3484526,3484526
2201,177,8064202,8064202
2202,85,3934345,3934345
2203,1,213899,213899
2204,172,1493219,1493219
2205,29,9632684,9632684
2206,172,8289690,8289690
2207,39,1511336,1511336
2208,200,8584991,8584991
2209,20,1699372,1699372
2210,66,3878226,3878226
2211,117,4966428,4966428
2212,68,7789281,7789281
2213,13,1674515,1674515
2214,45,661769,661769
2215,75,6043399,6043399
2216,174,5246354,5246354
2217,110,1944497,1944497
2218,25,769891,769891
2219,3,2321873,2321873
2220,170,2860721,2860721
2221,85,5998314,5998314
2222,113,4501484,4501484
2223,188,1559464,1559464
2224,96,5749933,5749933
2225,47,1909784,1909784
2226,103,6715084,6715084
2227,117,4560602,4560602
2228,99,8023619,8023619
2229,108,2798082,2798082
2230,29,2223175,2223175
2231,179,983923,983923
2232,41,1740017,1740017
2233,107,9911145,9911145
2234,124,9545286,9545286
2235,174,7351152,7351152
2236,47,6371160,6371160
2237,200,6016291,6016291
2238,157,483456,483456
2239,176,2192032,2192032
2240,124,8189341,8189341
2241,29,6900204,6900204
2242,113,771287,771287
2243,17,4389135,4389135
2244,168,5272037,5272037
2245,4,8804983,8804983
2246,197,9674564,9674564
2247,186,9479332,9479332
2248,58,5675742,5675742
2249,133,8776214,8776214
2250,177,1597897,1597897
2251,111,4170429,4170429
2252,124,5800713,5800713
2253,170,6457158,6457158
2254,39,9367461,9367461
2255,157,915467,915467
2256,3,2632804,2632804
2257,130,7873361,7873361
2258,127,2775016,2775016
2259,20,8248484,8248484
2260,83,4041494,4041494
2261,85,4666702,4666702
2262,13,8504862,8504862
2263,58,9235783,9235783
2264,165,6352484,6352484
2265,104,3942645,3942645
2266,21,7702329,7702329
2267,114,9613930,9613930
2268,115,1476728,1476728
2269,128,7500558,7500558
2270,81,1991570,1991570
2271,128,298116,298116
2272,27,6768594,6768594
2273,106,601160,601160
2274,143,9212349,9212349
2275,1,1524974,1524974
2276,155,5110305,5110305
2277,131,9434375,9434375
2278,53,7653898,7653898
2279,88,6095875,6095875
2280,14,3739945,3739945
2281,117,5569576,5569576
2282,144,7937865,7937865
2283,184,6095071,6095071
2284,184,7592234,7592234
2285,30,1634721,1634721
2286,195,3720299,3720299
2287,1,5727022,5727022
2288,91,4898671,4898671
2289,141,8757456,8757456
2290,96,1783791,1783791
2291,12,2754070,2754070
2292,127,2356346,2356346
2293,184,6865417,6865417
2294,28,4266266,4266266
2295,157,3287016,3287016
2296,49,2025778,2025778
2297,101,3616991,3616991
2298,118,3197381,3197381
2299,184,5669584,5669584
2300,28,6953658,6953658
2301,12,9878611,9878611
2302,32,7558212,7558212
2303,118,9887084,9887084
2304,130,2258817,2258817
2305,128,72773,72773
2306,136,814896,814896
2307,142,7261353,7261353
2308,150,8102253,8102253
2309,131,2972963,2972963
2310,178,9706531,9706531
2311,45,2153888,2153888
2312,27,6499587,6499587
2313,169,5399642,5399642
2314,130,6453568,6453568
2315,108,4164755,4164755
2316,71,6675150,6675150
2317,88,4935413,4935413
2318,116,2237608,2237608
2319,36,6924719,6924719
2320,155,8594877,8594877
2321,77,9190659,9190659
2322,81,9287557,9287557
2323,162,3646403,3646403
2324,52,3518395,3518395
2325,160,4875114,4875114
2326,176,5793064,5793064
2327,173,2225862,2225862
2328,182,2983202,2983202
2329,129,9101496,9101496
2330,178,5408662,5408662
2331,182,1936178,1936178
2332,195,5909569,5909569
2333,144,8059269,8059269
2334,150,9573720,9573720
2335,171,7004117,7004117
2336,173,8957402,8957402
2337,74,7086467,7086467
2338,4,8769953,8769953
2339,28,423996,423996
2340,98,2438177,2438177
2341,14,949670,949670
2342,52,4479152,4479152
2343,193,2700047,2700047
2344,74,4203716,4203716
2345,38,1040738,1040738
2346,177,4951637,4951637
2347,53,9079361,9079361
2348,9,6017692,6017692
2349,116,1719329,1719329
2350,158,9426865,9426865
2351,58,9416557,9416557
2352,100,3986190,3986190
2353,131,4825775,4825775
2354,178,788191,788191
2355,98,6502088,6502088
2356,107,5245463,5245463
2357,142,902651,902651
2358,4,4216804,4216804
2359,52,7433377,7433377
2360,58,6169672,6169672
2361,194,9871467,9871467
2362,140,3296204,3296204
2363,199,3246352,3246352
2364,76,7529864,7529864
2365,46,1249382,1249382
2366,48,2915798,2915798
2367,189,8620919,8620919
2368,31,6328336,6328336
2369,11,7189168,7189168
2370,72,9338175,9338175
2371,68,2182154,2182154
2372,42,9797660,9797660
2373,66,94709,94709
2374,85,7823741,7823741
2375,182,2597208,2597208
2376,11,2578714,2578714
2377,83,853212,853212
2378,199,5052539,5052539
2379,126,9607925,9607925
2380,141,6007679,6007679
2381,19,5332789,5332789
2382,135,3690350,3690350
2383,48,8734324,8734324
2384,18,8474848,8474848
2385,41,6978168,6978168
2386,140,9009968,9009968
2387,104,1542590,1542590
2388,90,3711087,3711087
2389,55,5568081,5568081
2390,85,6053183,6053183
2391,76,3664903,3664903
2392,193,8900294,8900294
2393,122,9417633,9417633
2394,193,147701,147701
2395,30,5805039,5805039
2396,115,4032368,4032368
2397,165,4090740,4090740
2398,11,5384429,5384429
2399,98,1902100,1902100
2400,99,4304875,4304875
2401,139,4745083,4745083
2402,7,8671603,8671603
2403,198,6290752,6290752
2404,132,8535166,8535166
2405,115,8167227,8167227
2406,12,4973336,4973336
2407,167,3229821,3229821
2408,83,8621722,8621722
2409,22,1609881,1609881
2410,43,9025719,9025719
2411,137,122986,122986
2412,161,1098434,1098434
2413,54,3576485,3576485
2414,176,7117053,7117053
2415,27,3449052,3449052
2416,138,7302077,7302077
2417,166,1209981,1209981
2418,192,2579573,2579573
2419,7,7704520,7704520
2420,184,5565260,5565260
2421,10,1468357,1468357
2422,19,910467,910467
2423,46,4226314,4226314
2424,143,1181822,1181822
2425,148,3819259,3819259
2426,67,6838943,6838943
2427,100,7568632,7568632
2428,162,6785511,6785511
2429,111,5308382,5308382
2430,5,6534756,6534756
2431,173,1984841,1984841
2432,137,98967,98967
2433,165,1060950,1060950
2434,194,9824872,9824872
2435,12,1217848,1217848
2436,92,8436204,8436204
2437,28,4862651,4862651
2438,176,5055825,5055825
2439,156,1451316,1451316
2440,73,7342987,7342987
2441,98,6628900,6628900
2442,170,517059,517059
2443,122,2622672,2622672
2444,137,3688734,3688734
2445,35,6559766,6559766
2446,140,4948917,4948917
2447,163,2417186,2417186
2448,77,6260091,6260091
2449,3,9286594,9286594
2450,143,2371859,2371859
2451,32,700837,700837
2452,2,9608623,9608623
2453,153,6611593,6611593
2454,138,9185952,9185952
2455,22,5111869,5111869
2456,54,5768873,5768873
2457,55,6923193,6923193
2458,166,8599207,8599207
2459,37,2700366,2700366
2460,48,3704207,3704207
2461,158,4240303,4240303
2462,50,1923047,1923047
2463,47,9517591,9517591
2464,14,9208193,9208193
2465,119,9221841,9221841
2466,19,4876342,4876342
2467,172,1130159,1130159
2468,65,1647562,1647562
2469,51,9740778,9740778
2470,125,5550757,5550757
2471,92,2151093,2151093
2472,172,3934808,3934808
2473,26,4783807,4783807
2474,159,1171198,1171198
2475,50,5331563,5331563
2476,125,7560584,7560584
2477,85,5128383,5128383
2478,178,9800745,9800745
2479,40,9488388,9488388
2480,146,6115185,6115185
2481,81,7185805,7185805
2482,44,81065,81065
2483,81,4130133,4130133
2484,57,7316947,7316947
2485,71,6031174,6031174
2486,35,5562703,5562703
2487,123,7765307,7765307
2488,115,6018685,6018685
2489,199,5124966,5124966
2490,125,9255517,9255517
2491,28,2948933,2948933
2492,166,1375290,1375290
2493,72,2348838,2348838
2494,138,3295580,3295580
2495,68,1282825,1282825
2496,187,1265001,1265001
2497,5,8509040,8509040
2498,162,523352,523352
2499,149,9712343,9712343
2500,104,9899166,9899166
2501,55,614990,614990
2502,142,4372416,4372416
2503,140,9054279,9054279
2504,121,2493647,2493647
2505,94,6585029,6585029
2506,58,9891859,9891859
2507,188,4882155,4882155
2508,35,7796391,7796391
2509,129,8563292,8563292
2510,24,6656950,6656950
2511,94,8424968,8424968
2512,3,4007754,4007754
2513,158,2782393,2782393
2514,194,8625782,8625782
2515,36,7486336,7486336
2516,41,3005557,3005557
2517,145,9492759,9492759
2518,169,2452813,2452813
2519,189,8111841,8111841
2520,92,678132,678132
2521,57,8181277,8181277
2522,60,1054635,1054635
2523,68,6198093,6198093
2524,60,718206,718206
2525,172,3469093,3469093
2526,133,6060792,6060792
2527,100,7879825,7879825
2528,117,779091,779091
2529,11,5437011,5437011
2530,27,8747185,8747185
2531,163,4588489,4588489
2532,190,4417710,4417710
2533,149,9132678,9132678
2534,146,2916715,2916715
2535,97,6350486,6350486
2536,94,9859614,9859614
2537,168,1305896,1305896
2538,133,4220919,4220919
2539,97,3739628,3739628
2540,133,6808902,6808902
2541,91,5788681,5788681
2542,125,8088465,8088465
2543,155,110690,110690
2544,129,2331501,2331501
2545,113,2778404,2778404
2546,59,1293325,1293325
2547,132,4711201,4711201
2548,55,2520615,2520615
2549,48,2640018,2640018
2550,93,1985251,1985251
2551,170,3864570,3864570
2552,107,5540252,5540252
2553,185,1901507,1901507
2554,124,8033176,8033176
2555,123,3535025,3535025
2556,152,2705263,2705263
2557,166,6893744,6893744
2558,6,4088109,4088109
2559,12,2145556,2145556
2560,147,9937944,9937944
2561,42,2260294,2260294
2562,162,8600719,8600719
2563,11,9601085,9601085
2564,38,938047,938047
2565,43,4332877,4332877
2566,47,8667792,8667792
2567,104,9455717,9455717
2568,164,312392,312392
2569,185,4755579,4755579
2570,22,3633834,3633834
2571,115,7909005,7909005
2572,124,2861635,2861635
2573,57,6891524,6891524
2574,154,2394312,2394312
2575,150,3051509,3051509
2576,160,8569884,8569884
2577,68,2813903,2813903
2578,186,5749069,5749069
2579,117,9908556,9908556
2580,18,3855635,3855635
2581,97,6466977,6466977
2582,34,1821504,1821504
2583,5,3394845,3394845
2584,134,8461748,8461748
2585,176,7042991,7042991
2586,39,1615622,1615622
2587,46,7983760,7983760
2588,158,654924,654924
2589,137,8444462,8444462
2590,193,1971598,1971598
2591,24,8090660,8090660
2592,169,2186555,2186555
2593,155,9047717,9047717
2594,1,7239315,7239315
2595,134,7057906,7057906
2596,95,728773,728773
2597,179,8888846,8888846
2598,110,3850140,3850140
2599,124,6396087,6396087
2600,90,9882586,9882586
2601,190,9665703,9665703
2602,26,7138527,7138527
2603,35,4270103,4270103
2604,123,3900918,3900918
2605,22,4752426,4752426
2606,154,9122292,9122292
2607,105,4325249,4325249
2608,49,91762,91762
2609,182,119354,119354
2610,148,8766777,8766777
2611,31,8720156,8720156
2612,2,6291957,6291957
2613,168,3446353,3446353
2614,177,5299951,5299951
2615,105,6077878,6077878
2616,28,2596753,2596753
2617,110,9820882,9820882
2618,65,4383935,4383935
2619,138,7106183,7106183
2620,145,6134489,6134489
2621,157,4623138,4623138
2622,175,6668174,6668174
2623,194,3417412,3417412
2624,106,9262783,9262783
2625,143,8094465,8094465
2626,46,6211142,6211142
2627,144,9309867,9309867
2628,124,4257682,4257682
2629,79,9691378,9691378
2630,89,6679508,6679508
2631,189,2316405,2316405
2632,169,1997927,1997927
2633,192,3854922,3854922
2634,115,2714471,2714471
2635,26,3598010,3598010
2636,131,6720296,6720296
2637,87,9237136,9237136
2638,158,873301,873301
2639,42,6528076,6528076
2640,163,88762,88762
2641,24,2438206,2438206
2642,121,7304421,7304421
2643,23,1075091,1075091
2644,68,3720687,3720687
2645,95,1342843,1342843
2646,156,633429,633429
2647,186,6447920,6447920
2648,103,8741022,8741022
2649,74,964069,964069
2650,199,2940561,2940561
2651,164,8294125,8294125
2652,113,179690,179690
2653,52,8693169,8693169
2654,74,3267304,3267304
2655,9,8565571,8565571
2656,133,3886793,3886793
2657,158,2843451,2843451
2658,173,605005,605005
2659,93,4014060,4014060
2660,168,4819,4819
2661,41,1456980,1456980
2662,71,6701385,6701385
2663,91,6629401,6629401
2664,104,9832793,9832793
2665,52,8686281,8686281
2666,4,1151205,1151205
2667,24,9220634,9220634
2668,73,9380374,9380374
2669,150,5840069,5840069
2670,89,4639031,4639031
2671,58,3263591,3263591
2672,117,6777264,6777264
2673,148,78038,78038
2674,67,2936596,2936596
2675,105,8493265,8493265
2676,28,9372268,9372268
2677,19,8441777,8441777
2678,76,5703681,5703681
2679,30,8611521,8611521
2680,66,9024521,9024521
2681,148,4196677,4196677
2682,178,7428425,7428425
2683,97,9448401,9448401
2684,124,4081447,4081447
2685,194,5698561,5698561
2686,199,7698199,7698199
2687,175,7729606,7729606
2688,151,458868,458868
2689,124,1950658,1950658
2690,67,1133372,1133372
2691,98,3697401,3697401
2692,174,3857587,3857587
2693,81,6919359,6919359
2694,91,8665502,8665502
2695,138,163128,163128
2696,180,4418274,4418274
2697,64,4819919,4819919
2698,24,6692945,6692945
2699,173,5737688,5737688
2700,20,9303830,9303830
2701,46,7995273,7995273
2702,81,5931382,5931382
2703,56,9625300,9625300
2704,69,3066614,3066614
2705,192,3190481,3190481
2706,128,3349848,3349848
2707,61,4061034,4061034
2708,68,3469169,3469169
2709,59,3401858,3401858
2710,64,5973148,5973148
2711,40,1789949,1789949
2712,31,1316802,1316802
2713,174,8265544,8265544
2714,158,111126,111126
2715,196,9084425,9084425
2716,11,8091518,8091518
2717,96,5291817,5291817
2718,127,9638835,9638835
2719,71,8234347,8234347
2720,47,8575399,8575399
2721,72,6675310,6675310
2722,57,9674836,9674836
2723,33,908455,908455
2724,135,7099712,7099712
2725,123,9072580,9072580
2726,9,8430135,8430135
2727,89,6605473,6605473
2728,176,2932663,2932663
2729,118,2019442,2019442
2730,179,8694039,8694039
2731,118,5295749,5295749
2732,177,141240,141240
2733,4,3535838,3535838
2734,98,9747700,9747700
2735,26,5459913,5459913
2736,93,4357055,4357055
2737,48,9203366,9203366
2738,68,3978534,3978534
2739,69,7907862,7907862
2740,157,5756203,5756203
2741,94,3085559,3085559
2742,128,7112581,7112581
2743,54,7031212,7031212
2744,180,6246319,6246319
2745,94,6720828,6720828
2746,72,7561977,7561977
2747,47,9586664,9586664
2748,34,9661876,9661876
2749,176,3834713,3834713
2750,26,4528994,4528994
2751,61,9317059,9317059
2752,111,6390162,6390162
2753,51,2446851,2446851
2754,190,2509000,2509000
2755,122,163448,163448
2756,46,7071943,7071943
2757,128,2256060,2256060
2758,162,8673937,8673937
2759,137,5297024,5297024
2760,125,5033738,5033738
2761,65,9431118,9431118
2762,146,800429,800429
2763,102,1660521,1660521
2764,177,2740422,2740422
2765,16,3614941,3614941
2766,66,7995004,7995004
2767,162,1615677,1615677
2768,116,5614605,5614605
2769,67,6055937,6055937
2770,93,9401113,9401113
2771,143,4323737,4323737
2772,89,332781,332781
2773,106,2034027,2034027
2774,90,3337963,3337963
2775,148,9661905,9661905
2776,167,9033494,9033494
2777,45,4774942,4774942
2778,91,5454109,5454109
2779,173,8563838,8563838
2780,125,7498243,7498243
2781,21,6393310,6393310
2782,158,4807067,4807067
2783,119,2430151,2430151
2784,43,5660436,5660436
2785,108,9590487,9590487
2786,104,1196955,1196955
2787,21,2717900,2717900
2788,88,3828861,3828861
2789,81,5316334,5316334
2790,168,4888148,4888148
2791,182,4487442,4487442
2792,155,6634639,6634639
2793,70,7464156,7464156
2794,200,6092894,6092894
2795,192,9846879,9846879
2796,134,7554590,7554590
2797,106,2807132,2807132
2798,48,387572,387572
2799,33,3936391,3936391
2800,170,4221936,4221936
2801,191,1343263,1343263
2802,54,2800292,2800292
2803,102,1728209,1728209
2804,25,1070258,1070258
2805,122,9201191,9201191
2806,14,442329,442329
2807,198,6660764,6660764
2808,135,1396723,1396723
2809,27,4403218,4403218
2810,159,2605071,2605071
2811,22,6540534,6540534
2812,80,3847954,3847954
2813,64,4767670,4767670
2814,114,2120836,2120836
2815,34,8837269,8837269
2816,44,479346,479346
2817,9,5986802,5986802
2818,84,7988550,7988550
2819,120,9069497,9069497
2820,70,9203062,9203062
2821,114,2266851,2266851
2822,179,9047744,9047744
2823,46,9912498,9912498
2824,153,7659527,7659527
2825,162,9462089,9462089
2826,112,8782198,8782198
2827,164,8955411,8955411
2828,80,5824517,5824517
2829,124,9054128,9054128
2830,59,1502467,1502467
2831,114,5165171,5165171
2832,94,6915632,6915632
2833,67,2612506,2612506
2834,78,177097,177097
2835,1,8779789,8779789
2836,195,2286742,2286742
2837,89,4811072,4811072
2838,121,8977469,8977469
2839,3,8253243,8253243
2840,194,8003857,8003857
2841,77,153219,153219
2842,197,7221506,7221506
2843,75,3879150,3879150
2844,2,9197474,9197474
2845,96,3163696,3163696
2846,106,9404541,9404541
2847,112,6622840,6622840
2848,64,2739207,2739207
2849,184,6538471,6538471
2850,97,3700926,3700926
2851,68,1328918,1328918
2852,109,4019180,4019180
2853,133,4561139,4561139
2854,73,8924543,8924543
2855,69,6927377,6927377
2856,49,1148634,1148634
2857,47,2292170,2292170
2858,75,1851472,1851472
2859,164,7639388,7639388
2860,159,7596173,7596173
2861,70,8254323,8254323
2862,49,5379509,5379509
2863,5,2552641,2552641
2864,13,8975319,8975319
2865,6,3119515,3119515
2866,27,4733096,4733096
2867,69,2097809,2097809
2868,184,7355410,7355410
2869,187,137641,137641
2870,60,1513254,1513254
2871,39,247041,247041
2872,127,3643811,3643811
2873,88,7050508,7050508
2874,80,8361693,8361693
2875,96,7779334,7779334
2876,179,532460,532460
2877,85,1345920,1345920
2878,193,2450947,2450947
2879,15,4471188,4471188
2880,199,6583744,6583744
2881,19,9113248,9113248
2882,121,3046805,3046805
2883,50,4195637,4195637
2884,98,211652,211652
2885,32,4176895,4176895
2886,99,7431651,7431651
2887,64,562209,562209
2888,51,7731522,7731522
2889,189,1576392,1576392
2890,134,3497162,3497162
2891,122,6528399,6528399
2892,175,5236326,5236326
2893,83,2661058,2661058
2894,162,707762,707762
2895,191,9220421,9220421
2896,134,2049194,2049194
2897,65,8073692,8073692
2898,164,5013251,5013251
2899,51,6046955,6046955
2900,14,3653880,3653880
2901,29,3958849,3958849
2902,163,7284023,7284023
2903,84,252794,252794
2904,43,4632190,4632190
2905,150,2007387,2007387
2906,102,4078362,4078362
2907,3,704531,704531
2908,149,7973718,7973718
2909,177,2600333,2600333
2910,96,1501223,1501223
2911,64,2645741,2645741
2912,128,1533463,1533463
2913,176,5677780,5677780
2914,195,1007511,1007511
2915,16,5964596,5964596
2916,166,2582322,2582322
2917,180,8998515,8998515
2918,28,2111034,2111034
2919,125,3903632,3903632
2920,82,9367565,9367565
2921,166,5827024,5827024
2922,113,3237420,3237420
2923,6,6337911,6337911
2924,92,2260430,2260430
2925,65,662507,662507
2926,125,7340032,7340032
2927,144,4944490,4944490
2928,139,8222379,8222379
2929,49,9507677,9507677
2930,48,9120439,9120439
2931,90,5430463,5430463
2932,188,7858359,7858359
2933,71,9303307,9303307
2934,42,1155557,1155557
2935,136,2600895,2600895
2936,116,4960564,4960564
2937,68,9086640,9086640
2938,94,7618181,7618181
2939,1,8488562,8488562
2940,98,3112748,3112748
2941,5,6108168,6108168
2942,199,4006173,4006173
2943,83,1062698,1062698
2944,169,9042189,9042189
2945,100,3185480,3185480
2946,135,8347489,8347489
2947,197,9252094,9252094
2948,40,4750117,4750117
2949,83,6875379,6875379
2950,165,5402667,5402667
2951,29,1614912,1614912
2952,134,1118702,1118702
2953,12,2177250,2177250
2954,46,524686,524686
2955,52,1796087,1796087
2956,125,3214793,3214793
2957,26,533803,533803
2958,147,6519606,6519606
2959,169,8219319,8219319
2960,135,9903605,9903605
2961,66,823520,823520
2962,94,3703113,3703113
2963,156,1189067,1189067
2964,4,3502044,3502044
2965,168,8244416,8244416
2966,21,7852729,7852729
2967,164,1018380,1018380
2968,93,9362020,9362020
2969,191,6978536,6978536
2970,95,978112,978112
2971,158,4459646,4459646
2972,136,682046,682046
2973,188,1180916,1180916
2974,78,1307538,1307538
2975,56,8715516,8715516
2976,25,1698275,1698275
2977,186,3875838,3875838
2978,137,6464782,6464782
2979,49,3240006,3240006
2980,135,4173551,4173551
2981,146,3001408,3001408
2982,143,9364062,9364062
2983,107,1770234,1770234
2984,197,9673133,9673133
2985,92,7696054,7696054
2986,180,7165129,7165129
2987,27,2798595,2798595
2988,47,9226889,9226889
2989,103,8467339,8467339
2990,87,2653760,2653760
2991,137,7432510,7432510
2992,91,5287423,5287423
2993,141,5446792,5446792
2994,96,6917972,6917972
2995,196,7224069,7224069
2996,186,5426605,5426605
2997,156,4038654,4038654
2998,145,9154089,9154089
2999,55,6292514,6292514
3000,197,9231473,9231473
3001,191,4262908,4262908
3002,93,7590070,7590070
3003,115,6662074,6662074
3004,1,581546,581546
3005,73,9995241,9995241
3006,5,8684044,8684044
3007,35,5064062,5064062
3008,2,5038767,5038767
3009,57,3604128,3604128
3010,81,364088,364088
3011,198,4629792,4629792
3012,142,8577712,8577712
3013,143,9574223,9574223
3014,147,2595683,2595683
3015,25,633110,633110
3016,118,5966913,5966913
3017,40,2322104,2322104
3018,68,6158628,6158628
3019,150,4191903,4191903
3020,60,4299058,4299058
3021,77,1541912,1541912
3022,147,6707501,6707501
3023,146,3647992,3647992
3024,188,1295227,1295227
3025,186,5447428,5447428
3026,124,2900822,2900822
3027,125,9667576,9667576
3028,25,9986322,9986322
3029,165,5039762,5039762
3030,10,9668436,9668436
3031,98,1316632,1316632
3032,200,938227,938227
3033,198,5610127,5610127
3034,90,7286418,7286418
3035,107,2022334,2022334
3036,198,3803691,3803691
3037,192,191837,191837
3038,163,6417066,6417066
3039,14,5113416,5113416
3040,135,690923,690923
3041,82,9058517,9058517
3042,145,2509536,2509536
3043,84,8428900,8428900
3044,179,3704361,3704361
3045,40,847581,847581
3046,173,6591477,6591477
3047,115,9984661,9984661
3048,148,8467953,8467953
3049,24,3725978,3725978
3050,111,4861752,4861752
3051,101,2483236,2483236
3052,34,5639966,5639966
3053,22,7983516,7983516
3054,147,827302,827302
3055,141,6697318,6697318
3056,68,1427388,1427388
3057,103,8419194,8419194
3058,112,2187332,2187332
3059,196,2262755,2262755
3060,124,9383432,9383432
3061,51,8184951,8184951
3062,102,9585338,9585338
3063,51,9414830,9414830
3064,158,8795418,8795418
3065,64,4065372,4065372
3066,19,4467052,4467052
3067,199,7215305,7215305
3068,83,9663982,9663982
3069,23,1887937,1887937
3070,172,6938755,6938755
3071,109,6128174,6128174
3072,90,3195887,3195887
3073,83,5780168,5780168
3074,153,406123,406123
3075,198,5114011,5114011
3076,44,5867267,5867267
3077,158,7419054,7419054
3078,160,2446428,2446428
3079,113,752920,752920
3080,60,3350161,3350161
3081,176,6271672,6271672
3082,40,1439727,1439727
3083,29,914996,914996
3084,63,2477610,2477610
3085,74,230406,230406
3086,88,1866934,1866934
3087,79,7550780,7550780
3088,121,381650,381650
3089,85,3506598,3506598
3090,190,9026233,9026233
3091,55,3419219,3419219
3092,140,8778944,8778944
3093,193,4339561,4339561
3094,141,8103837,8103837
3095,160,2371416,2371416
3096,178,308508,308508
3097,97,9781199,9781199
3098,170,8838222,8838222
3099,12,4285846,4285846
3100,44,1008479,1008479
3101,73,3367121,3367121
3102,179,4551347,4551347
3103,14,7800748,7800748
3104,168,139824,139824
3105,18,6520383,6520383
3106,170,4551832,4551832
3107,170,6043474,6043474
3108,28,320081,320081
3109,75,6484783,6484783
3110,60,6387106,6387106
3111,131,1671072,1671072
3112,81,8131281,8131281
3113,153,8918107,8918107
3114,23,3127564,3127564
3115,51,8399526,8399526
3116,118,9406775,9406775
3117,183,360516,360516
3118,11,4150551,4150551
3119,136,5115834,5115834
3120,86,8219709,8219709
3121,101,2634111,2634111
3122,5,5818001,5818001
3123,176,5904121,5904121
3124,91,5072192,5072192
3125,61,8409604,8409604
3126,71,1040350,1040350
3127,161,4323142,4323142
3128,100,494355,494355
3129,143,4700872,4700872
3130,58,2545240,2545240
3131,88,6590872,6590872
3132,169,2302852,2302852
3133,23,6412371,6412371
3134,134,3815608,3815608
3135,107,4032585,4032585
3136,147,2562705,2562705
3137,110,5240913,5240913
3138,155,5524481,5524481
3139,115,9097172,9097172
3140,34,3468811,3468811
3141,168,2324928,2324928
3142,149,9082410,9082410
3143,176,3394202,3394202
3144,36,5184132,5184132
3145,177,8787997,8787997
3146,35,7215281,7215281
3147,198,2435253,2435253
3148,168,9476514,9476514
3149,41,5326702,5326702
3150,18,9350618,9350618
3151,137,1986209,1986209
3152,48,5328403,5328403
3153,38,494648,494648
3154,196,5346688,5346688
3155,106,6899659,6899659
3156,78,7432381,7432381
3157,191,4593537,4593537
3158,39,3153002,3153002
3159,28,2206973,2206973
3160,48,439533,439533
3161,196,4477211,4477211
3162,156,9513404,9513404
3163,157,3874049,3874049
3164,153,3895376,3895376
3165,60,437625,437625
3166,92,1333376,1333376
3167,177,7996058,7996058
3168,35,8427608,8427608
3169,155,7864546,7864546
3170,183,6273997,6273997
3171,48,6500504,6500504
3172,126,7949832,7949832
3173,36,2747879,2747879
3174,50,3796232,3796232
3175,9,6854988,6854988
3176,196,251897,251897
3177,70,6929728,6929728
3178,57,3402982,3402982
3179,194,3431982,3431982
3180,17,2970879,2970879
3181,113,8219877,8219877
3182,177,5450844,5450844
3183,118,4140345,4140345
3184,110,6792537,6792537
3185,199,701728,701728
3186,156,6381619,6381619
3187,185,5249548,5249548
3188,101,9595467,9595467
3189,153,8995261,8995261
3190,135,646123,646123
3191,134,1834023,1834023
3192,116,7665517,7665517
3193,11,4122525,4122525
3194,133,9023946,9023946
3195,102,658532,658532
3196,143,6499457,6499457
3197,133,827040,827040
3198,49,4885179,4885179
3199,113,6678001,6678001
3200,78,4796850,4796850
3201,119,2793181,2793181
3202,109,4939543,4939543
3203,157,915141,915141
3204,177,8673311,8673311
3205,37,7777564,7777564
3206,166,7578236,7578236
3207,24,8399643,8399643
3208,29,3016063,3016063
3209,200,9822182,9822182
3210,179,9167190,9167190
3211,35,6594565,6594565
3212,106,5426773,5426773
3213,116,417955,417955
3214,46,7611499,7611499
3215,152,3387856,3387856
3216,117,1512963,1512963
3217,65,5437072,5437072
3218,178,2751363,2751363
3219,184,2072728,2072728
3220,24,1915369,1915369
3221,181,7539654,7539654
3222,163,6089179,6089179
3223,22,8788196,8788196
3224,182,6443916,6443916
3225,187,8584338,8584338
3226,157,2682671,2682671
3227,97,9233271,9233271
3228,98,736621,736621
3229,197,2866974,2866974
3230,86,9487374,9487374
3231,169,2518087,2518087
3232,42,2426109,2426109
3233,46,860847,860847
3234,108,5168426,5168426
3235,80,7486970,7486970
3236,74,3031576,3031576
3237,31,2207395,2207395
3238,52,59272,59272
3239,160,4246497,4246497
3240,4,7694746,7694746
3241,128,8365828,8365828
3242,140,96478,96478
3243,156,8278999,8278999
3244,61,3638539,3638539
3245,151,7981122,7981122
3246,117,6881198,6881198
3247,114,1332193,1332193
3248,154,110277,110277
3249,63,9182868,9182868
3250,72,9354114,9354114
3251,54,820721,820721
3252,48,2487325,2487325
3253,15,5855581,5855581
3254,10,2438977,2438977
3255,9,9698786,9698786
3256,155,5007018,5007018
3257,85,1471406,1471406
3258,13,1826831,1826831
3259,107,2990511,2990511
3260,42,4771113,4771113
3261,157,9981923,9981923
3262,147,9431768,9431768
3263,46,7639301,7639301
3264,192,9713442,9713442
3265,93,601296,601296
3266,24,5021328,5021328
3267,83,6183568,6183568
3268,98,1135258,1135258
3269,195,7169304,7169304
3270,141,1089275,1089275
3271,75,7898995,7898995
3272,35,2047210,2047210
3273,178,4603979,4603979
3274,85,8842477,8842477
3275,106,8802102,8802102
3276,54,3507293,3507293
3277,157,976175,976175
3278,28,9585948,9585948
3279,187,8874251,8874251
3280,23,8114518,8114518
3281,186,4818203,4818203
3282,110,5309796,5309796
3283,67,8814602,8814602
3284,148,5936673,5936673
3285,34,9439437,9439437
3286,128,8719216,8719216
3287,187,8350710,8350710
3288,127,3018342,3018342
3289,157,3904421,3904421
3290,182,4873580,4873580
3291,50,26523,26523
3292,31,402431,402431
3293,120,1978465,1978465
3294,189,3478434,3478434
3295,158,6956372,6956372
3296,106,763232,763232
3297,86,5866154,5866154
3298,144,3562439,3562439
3299,3,3375360,3375360
3300,177,4724912,4724912
3301,66,1138100,1138100
3302,79,5037929,5037929
3303,130,9227361,9227361
3304,83,102865,102865
3305,30,5591559,5591559
3306,88,6644605,6644605
3307,186,9544919,9544919
3308,158,488508,488508
3309,45,3255041,3255041
3310,85,5669639,5669639
3311,173,8038102,8038102
3312,122,596568,596568
3313,166,2277572,2277572
3314,124,2606949,2606949
3315,161,7727886,7727886
3316,138,5622207,5622207
3317,119,6944979,6944979
3318,191,939897,939897
3319,134,5022154,5022154
3320,145,5293259,5293259
3321,143,8990666,8990666
3322,5,3494064,3494064
3323,148,5565326,5565326
3324,91,1110870,1110870
3325,39,4705338,4705338
3326,8,5690033,5690033
3327,97,8963616,8963616
3328,43,9579482,9579482
3329,156,6535837,6535837
3330,48,9985662,9985662
3331,30,5172103,5172103
3332,181,5276424,5276424
3333,182,530633,530633
3334,70,6943579,6943579
3335,23,8339189,8339189
3336,61,6234137,6234137
3337,116,5077267,5077267
3338,56,8809723,8809723
3339,78,2936226,2936226
3340,29,6278297,6278297
3341,10,3390648,3390648
3342,24,7445293,7445293
3343,130,418336,418336
3344,124,8389519,8389519
3345,40,3191222,3191222
3346,88,8111313,8111313
3347,188,8785019,8785019
3348,80,5491819,5491819
3349,37,1648387,1648387
3350,133,2226624,2226624
3351,53,613249,613249
3352,118,6502651,6502651
3353,183,8763492,8763492
3354,30,68952,68952
3355,80,738700,738700
3356,176,9970491,9970491
3357,23,5591674,5591674
3358,120,774096,774096
3359,27,8733844,8733844
3360,197,5242557,5242557
3361,6,9689846,9689846
3362,195,5236888,5236888
3363,164,3520626,3520626
3364,83,3364763,3364763
3365,50,4807802,4807802
3366,71,8930106,8930106
3367,82,7400692,7400692
3368,172,1973853,1973853
3369,70,2505186,2505186
3370,41,4590865,4590865
3371,30,255965,255965
3372,160,9388962,9388962
3373,132,1717572,1717572
3374,53,9102121,9102121
3375,90,9216826,9216826
3376,82,4547499,4547499
3377,37,4752443,4752443
3378,147,4107483,4107483
3379,44,1195257,1195257
3380,80,5683095,5683095
3381,139,7443172,7443172
3382,13,2182279,2182279
3383,8,7897632,7897632
3384,173,846511,846511
3385,28,6435734,6435734
3386,14,1444846,1444846
3387,110,6575272,6575272
3388,46,9944799,9944799
3389,162,7479891,7479891
3390,158,5966385,5966385
3391,80,5575607,5575607
3392,51,8950391,8950391
3393,21,7813071,7813071
3394,146,2211157,2211157
3395,24,7856366,7856366
3396,25,7643434,7643434
3397,80,7808058,7808058
3398,121,3887183,3887183
3399,58,2411249,2411249
3400,158,4329406,4329406
3401,94,6577959,6577959
3402,47,5541983,5541983
3403,84,7604827,7604827
3404,125,507747,507747
3405,17,7974787,7974787
3406,29,5896198,5896198
3407,123,7738351,7738351
3408,44,4735492,4735492
3409,197,5848796,5848796
3410,155,9641501,9641501
3411,33,8521981,8521981
3412,27,6806281,6806281
3413,183,1794848,1794848
3414,84,9330646,9330646
3415,167,1189907,1189907
3416,78,8937987,8937987
3417,119,6724584,6724584
3418,152,6936404,6936404
3419,62,4088457,4088457
3420,141,2667917,2667917
3421,124,6439371,6439371
3422,17,5716235,5716235
3423,54,9914834,9914834
3424,111,7304023,7304023
3425,146,5741177,5741177
3426,140,3962012,3962012
3427,45,1306851,1306851
3428,190,9633280,9633280
3429,125,1918019,1918019
3430,152,7766314,7766314
3431,84,9312826,9312826
3432,25,7469488,7469488
3433,46,5167981,5167981
3434,104,1167822,1167822
3435,154,1824432,1824432
3436,176,6357071,6357071
3437,84,8292896,8292896
3438,166,1031500,1031500
3439,24,3650919,3650919
3440,36,9743668,9743668
3441,194,3092,3092
3442,194,2461642,2461642
3443,170,2503436,2503436
3444,116,8912993,8912993
3445,75,6542823,6542823
3446,158,9696080,9696080
3447,115,3282741,3282741
3448,53,5311628,5311628
3449,77,9567650,9567650
3450,174,5109503,5109503
3451,112,5775801,5775801
3452,23,9776536,9776536
3453,3,8563491,8563491
3454,104,2140029,2140029
3455,76,1047075,1047075
3456,95,9208764,9208764
3457,14,14148,14148
3458,181,9395748,9395748
3459,92,1840432,1840432
3460,73,523193,523193
3461,61,7242984,7242984
3462,180,9901306,9901306
3463,101,5337290,5337290
3464,183,6422144,6422144
3465,104,6401599,6401599
3466,112,9145575,9145575
3467,55,2909338,2909338
3468,122,2333188,2333188
3469,49,9318427,9318427
3470,99,6044627,6044627
3471,107,2588175,2588175
3472,74,2106365,2106365
3473,35,194661,194661
3474,19,263533,263533
3475,37,8165493,8165493
3476,169,7327199,7327199
3477,35,1420416,1420416
3478,36,6976896,6976896
3479,117,7142130,7142130
3480,160,3016499,3016499
3481,117,8546564,8546564
3482,109,9261862,9261862
3483,116,6454441,6454441
3484,91,3787304,3787304
3485,48,7126489,7126489
3486,155,124654,124654
3487,148,8357686,8357686
3488,188,3972005,3972005
3489,183,8417612,8417612
3490,69,6892714,6892714
3491,140,9669587,9669587
3492,94,561397,561397
3493,10,9531968,9531968
3494,124,6183722,6183722
3495,29,9735294,9735294
3496,124,1343236,1343236
3497,37,8831661,8831661
3498,193,4687895,4687895
3499,120,8672974,8672974
3500,21,8780469,8780469
3501,157,1483883,1483883
3502,63,7926422,7926422
3503,162,1309997,1309997
3504,176,9046228,9046228
3505,149,5242875,5242875
3506,157,885405,885405
3507,88,8976368,8976368
3508,200,180915,180915
3509,121,7617439,7617439
3510,132,7872413,7872413
3511,147,5561881,5561881
3512,108,5920923,5920923
3513,76,4852112,4852112
3514,43,592675,592675
3515,178,5101462,5101462
3516,187,9457421,9457421
3517,67,1030419,1030419
3518,162,7938316,7938316
3519,149,2836678,2836678
3520,147,866037,866037
3521,169,4894806,4894806
3522,189,457985,457985
3523,74,8132926,8132926
3524,22,2127708,2127708
3525,130,1289534,1289534
3526,72,4228713,4228713
3527,34,4713926,4713926
3528,71,4311001,4311001
3529,4,1871488,1871488
3530,155,2929534,2929534
3531,152,2535634,2535634
3532,169,7493596,7493596
3533,95,2942713,2942713
3534,67,3962709,3962709
3535,125,3033474,3033474
3536,136,555166,555166
3537,88,1416021,1416021
3538,38,9991571,9991571
3539,40,8320631,8320631
3540,193,6928115,6928115
3541,198,6428475,6428475
3542,61,7385078,7385078
3543,186,2806547,2806547
3544,54,9693160,9693160
3545,188,5789409,5789409
3546,14,4435820,4435820
3547,194,1946062,1946062
3548,14,2811868,2811868
3549,119,6689827,6689827
3550,122,5056101,5056101
3551,122,8934217,8934217
3552,60,6371999,6371999
3553,175,6544296,6544296
3554,122,4406118,4406118
3555,38,8899342,8899342
3556,112,199028,199028
3557,74,7529960,7529960
3558,98,5296376,5296376
3559,136,688161,688161
3560,25,8913623,8913623
3561,164,5936250,5936250
3562,111,4573311,4573311
3563,86,4535319,4535319
3564,69,1648810,1648810
3565,66,9800860,9800860
3566,101,7736118,7736118
3567,198,4056679,4056679
3568,188,9877154,9877154
3569,198,3270310,3270310
3570,134,5660743,5660743
3571,174,3018500,3018500
3572,81,9187414,9187414
3573,3,142206,142206
3574,18,200679,200679
3575,106,1639113,1639113
3576,135,1743274,1743274
3577,176,7481668,7481668
3578,90,3681195,3681195
3579,186,4752935,4752935
3580,65,3239337,3239337
3581,9,397627,397627
3582,159,1542518,1542518
3583,15,9967991,9967991
3584,169,3637715,3637715
3585,154,2043299,2043299
3586,182,2012881,2012881
3587,23,2179482,2179482
3588,97,9497058,9497058
3589,48,1859671,1859671
3590,179,3091420,3091420
3591,65,4942041,4942041
3592,120,1270273,1270273
3593,164,7607523,7607523
3594,71,7163592,7163592
3595,178,5425820,5425820
3596,66,2717339,2717339
3597,200,1241464,1241464
3598,71,1046686,1046686
3599,98,6519465,6519465
3600,86,1007616,1007616
3601,67,4440339,4440339
3602,46,7391619,7391619
3603,18,8249722,8249722
3604,52,6587312,6587312
3605,46,8255351,8255351
3606,28,2413781,2413781
3607,139,7235234,7235234
3608,56,1782574,1782574
3609,114,4345236,4345236
3610,27,584868,584868
3611,19,1181322,1181322
3612,147,4204309,4204309
3613,199,7480659,7480659
3614,5,8350043,8350043
3615,39,14556,14556
3616,10,6551231,6551231
3617,69,2543551,2543551
3618,180,5533643,5533643
3619,101,9640863,9640863
3620,1,8646691,8646691
3621,182,8232235,8232235
3622,123,7315833,7315833
3623,104,1176077,1176077
3624,139,3789081,3789081
3625,1,6449562,6449562
3626,177,8087731,8087731
3627,32,9516773,9516773
3628,138,6021650,6021650
3629,86,5080612,5080612
3630,103,926012,926012
3631,162,1521139,1521139
3632,94,8969540,8969540
3633,88,1349840,1349840
3634,118,4864699,4864699
3635,166,3407796,3407796
3636,46,9302554,9302554
3637,11,6445196,6445196
3638,170,3204501,3204501
3639,77,6544871,6544871
3640,28,6027401,6027401
3641,125,1423756,1423756
3642,162,7348147,7348147
3643,189,3178686,3178686
3644,36,598917,598917
3645,50,425547,425547
3646,185,9947973,9947973
3647,62,8207960,8207960
3648,100,1056840,1056840
3649,139,5162867,5162867
3650,128,8958027,8958027
3651,116,275453,275453
3652,10,5692259,5692259
3653,15,5665977,5665977
3654,185,718308,718308
3655,104,1982850,1982850
3656,55,8776491,8776491
3657,118,9002006,9002006
3658,39,9719808,9719808
3659,60,1208521,1208521
3660,10,2375493,2375493
3661,126,319824,319824
3662,121,768424,768424
3663,63,2190059,2190059
3664,4,2889858,2889858
3665,162,838156,838156
3666,79,1632292,1632292
3667,117,2863692,2863692
3668,152,1073030,1073030
3669,28,1915617,1915617
3670,128,9982064,9982064
3671,158,3700592,3700592
3672,17,3399754,3399754
3673,110,5659678,5659678
3674,189,6744585,6744585
3675,84,2026728,2026728
3676,176,9663122,9663122
3677,140,2304005,2304005
3678,83,3577436,3577436
3679,196,764815,764815
3680,152,2909968,2909968
3681,86,1060687,1060687
3682,31,4595168,4595168
3683,37,6965133,6965133
3684,44,6206350,6206350
3685,142,2768343,2768343
3686,113,4087678,4087678
3687,149,682814,682814
3688,35,1677182,1677182
3689,162,6310431,6310431
3690,200,2646667,2646667
3691,5,8169958,8169958
3692,21,106528,106528
3693,2,3010048,3010048
3694,23,9961145,9961145
3695,73,6983050,6983050
3696,178,7986164,7986164
3697,178,2128901,2128901
3698,53,2400615,2400615
3699,164,4545782,4545782
3700,134,7556779,7556779
3701,106,4014011,4014011
3702,45,631179,631179
3703,153,3019906,3019906
3704,184,8386722,8386722
3705,157,1476750,1476750
3706,161,5053293,5053293
3707,90,7026061,7026061
3708,2,9356827,9356827
3709,61,3219595,3219595
3710,31,8895263,8895263
3711,25,6071696,6071696
3712,195,9055046,9055046
3713,130,3678843,3678843
3714,119,3491484,3491484
3715,71,890350,890350
3716,50,1890441,1890441
3717,39,7959326,7959326
3718,128,2958222,2958222
3719,41,723359,723359
3720,14,6110145,6110145
3721,73,3516332,3516332
3722,112,4217486,4217486
3723,86,7602555,7602555
3724,12,1751895,1751895
3725,190,880075,880075
3726,138,2950904,2950904
3727,41,487633,487633
3728,125,8638650,8638650
3729,30,1188825,1188825
3730,61,7462856,7462856
3731,152,9726788,9726788
3732,84,7030765,7030765
3733,51,5464086,5464086
3734,59,1847722,1847722
3735,84,3821548,3821548
3736,26,3978185,3978185
3737,189,6922203,6922203
3738,52,6300387,6300387
3739,57,1233623,1233623
3740,121,9816219,9816219
3741,125,911663,911663
3742,112,2431711,2431711
3743,56,7633480,7633480
3744,46,6498324,6498324
3745,96,2288489,2288489
3746,118,3257379,3257379
3747,162,6016144,6016144
3748,70,3392535,3392535
3749,86,2134259,2134259
3750,9,9540629,9540629
3751,16,4707756,4707756
3752,35,1864104,1864104
3753,120,7693677,7693677
3754,108,2872281,2872281
3755,195,5764248,5764248
3756,57,4951988,4951988
3757,155,2630468,2630468
3758,164,2851044,2851044
3759,148,9273700,9273700
3760,59,1450798,1450798
3761,106,8753827,8753827
3762,126,3631304,3631304
3763,152,7943827,7943827
3764,119,4683710,4683710
3765,4,7182500,7182500
3766,189,4138170,4138170
3767,64,5491114,5491114
3768,112,9721843,9721843
3769,57,9928280,9928280
3770,39,9625101,9625101
3771,2,7009048,7009048
3772,12,672073,672073
3773,121,8459346,8459346
3774,9,7142021,7142021
3775,136,6615594,6615594
3776,123,1644153,1644153
3777,116,8309504,8309504
3778,62,1394044,1394044
3779,143,208423,208423
3780,178,6821919,6821919
3781,56,2226537,2226537
3782,92,4962539,4962539
3783,62,1522188,1522188
3784,5,8049422,8049422
3785,172,5114309,5114309
3786,42,7705487,7705487
3787,147,9792191,9792191
3788,7,7630962,7630962
3789,119,2325723,2325723
3790,181,6800818,6800818
3791,48,6214624,6214624
3792,161,7789590,7789590
3793,181,22878,22878
3794,161,1186125,1186125
3795,99,5585238,5585238
3796,136,548852,548852
3797,76,7145454,7145454
3798,193,4526314,4526314
3799,179,9100550,9100550
3800,148,3475340,3475340
3801,176,1358267,1358267
3802,159,5632022,5632022
3803,189,919587,919587
3804,132,6106747,6106747
3805,14,1861709,1861709
3806,99,6133596,6133596
3807,120,685757,685757
3808,94,6147725,6147725
3809,45,9374948,9374948
3810,181,1124172,1124172
3811,144,3434507,3434507
3812,36,5619187,5619187
3813,62,9053553,9053553
3814,30,8027788,8027788
3815,189,9732788,9732788
3816,180,3519758,3519758
3817,193,3782209,3782209
3818,83,5917519,5917519
3819,69,8448435,8448435
3820,175,7095573,7095573
3821,71,913687,913687
3822,17,6254777,6254777
3823,89,7590191,7590191
3824,125,8412936,8412936
3825,135,2058722,2058722
3826,121,8923876,8923876
3827,174,8939831,8939831
3828,75,7582938,7582938
3829,159,6176462,6176462
3830,173,1101048,1101048
3831,49,7681853,7681853
3832,23,1345036,1345036
3833,101,2999964,2999964
3834,74,1290961,1290961
3835,28,2764318,2764318
3836,71,1879460,1879460
3837,179,2482256,2482256
3838,128,2524938,2524938
3839,53,8735688,8735688
3840,161,380679,380679
3841,76,6988325,6988325
3842,175,9083771,9083771
3843,34,7950805,7950805
3844,89,7048611,7048611
3845,114,360413,360413
3846,75,3171911,3171911
3847,17,369713,369713
3848,60,8717785,8717785
3849,166,5635087,5635087
3850,106,9709052,9709052
3851,88,5474513,5474513
3852,125,9954882,9954882
3853,171,8894713,8894713
3854,141,7470161,7470161
3855,118,5101655,5101655
3856,146,2213824,2213824
3857,79,2881270,2881270
3858,67,3804769,3804769
3859,124,6239485,6239485
3860,74,793880,793880
3861,38,5924385,5924385
3862,73,7649177,7649177
3863,43,2697606,2697606
3864,183,8981123,8981123
3865,74,3058159,3058159
3866,45,2575047,2575047
3867,42,3991389,3991389
3868,30,690406,690406
3869,82,9638932,9638932
3870,33,7396883,7396883
3871,67,6202069,6202069
3872,48,3441935,3441935
3873,144,581986,581986
3874,171,5317433,5317433
3875,89,2482092,2482092
3876,96,7523391,7523391
3877,139,2727935,2727935
3878,137,5059333,5059333
3879,32,418175,418175
3880,104,8378825,8378825
3881,197,2439136,2439136
3882,118,5372365,5372365
3883,40,72046,72046
3884,190,9162802,9162802
3885,130,5557966,5557966
3886,166,4958621,4958621
3887,122,4862493,4862493
3888,194,9625551,9625551
3889,171,2467651,2467651
3890,145,7417300,7417300
3891,87,1884343,1884343
3892,188,8035971,8035971
3893,11,2339134,2339134
3894,174,9243574,9243574
3895,30,5168761,5168761
3896,7,6738231,6738231
3897,159,3697107,3697107
3898,115,5996068,5996068
3899,24,5475520,5475520
3900,15,3274069,3274069
3901,150,8832094,8832094
3902,57,4662844,4662844
3903,51,378303,378303
3904,22,9033059,9033059
3905,115,1465941,1465941
3906,132,6617330,6617330
3907,50,8228643,8228643
3908,82,8582482,8582482
3909,15,6057663,6057663
3910,102,2482120,2482120
3911,184,7174616,7174616
3912,95,6477894,6477894
3913,96,204527,204527
3914,73,5786800,5786800
3915,90,5168814,5168814
3916,115,9412572,9412572
3917,23,3618764,3618764
3918,187,7452780,7452780
3919,190,6972774,6972774
3920,114,4842475,4842475
3921,42,7110724,7110724
3922,187,6949018,6949018
3923,36,9851246,9851246
3924,154,1444148,1444148
3925,37,3486033,3486033
3926,78,7962686,7962686
3927,135,5627359,5627359
3928,17,9909947,9909947
3929,194,6304414,6304414
3930,23,111046,111046
3931,105,4585697,4585697
3932,107,2934217,2934217
3933,143,7753086,7753086
3934,182,9528054,9528054
3935,194,2297254,2297254
3936,52,3120669,3120669
3937,98,4856386,4856386
3938,142,8230660,8230660
3939,11,5066600,5066600
3940,150,5098837,5098837
3941,127,9383179,9383179
3942,190,7775431,7775431
3943,58,450300,450300
3944,1,2584093,2584093
3945,68,5036006,5036006
3946,164,7927925,7927925
3947,32,4826621,4826621
3948,107,3009367,3009367
3949,126,4106228,4106228
3950,8,2002438,2002438
3951,196,4650930,4650930
3952,127,1119456,1119456
3953,154,6069317,6069317
3954,149,8061215,8061215
3955,145,7316015,7316015
3956,67,7986637,7986637
3957,178,2006281,2006281
3958,96,8598757,8598757
3959,188,9651323,9651323
3960,5,4354311,4354311
3961,42,9758543,9758543
3962,15,2451774,2451774
3963,82,7735034,7735034
3964,178,2273269,2273269
3965,92,2739867,2739867
3966,14,4574649,4574649
3967,93,7038277,7038277
3968,163,5972425,5972425
3969,13,4862980,4862980
3970,75,8885420,8885420
3971,164,1288937,1288937
3972,132,3251673,3251673
3973,197,3074382,3074382
3974,196,1585592,1585592
3975,154,2804075,2804075
3976,140,5412444,5412444
3977,81,5051155,5051155
3978,70,6082121,6082121
3979,25,8966085,8966085
3980,149,5899361,5899361
3981,37,216386,216386
3982,36,8693462,8693462
3983,73,6258139,6258139
3984,200,8135255,8135255
3985,106,5709506,5709506
3986,42,1718286,1718286
3987,56,2593001,2593001
3988,129,3709668,3709668
3989,49,9372679,9372679
3990,158,8818990,8818990
3991,137,9246138,9246138
3992,180,1912044,1912044
3993,107,7725762,7725762
3994,20,1955647,1955647
3995,34,291577,291577
3996,123,5841992,5841992
3997,80,6082891,6082891
3998,36,7414487,7414487
3999,153,8776515,8776515
4000,196,5738565,5738565
4001,45,5111753,5111753
4002,8,1989725,1989725
4003,57,2159470,2159470
4004,178,2388393,2388393
4005,177,3801288,3801288
4006,79,2102926,2102926
4007,54,2184699,2184699
4008,21,7127046,7127046
4009,177,1874387,1874387
4010,20,315519,315519
4011,199,8124448,8124448
4012,194,7235132,7235132
4013,11,3294223,3294223
4014,28,550170,550170
4015,169,8614751,8614751
4016,152,994305,994305
4017,121,1995183,1995183
4018,65,726143,726143
4019,17,5060776,5060776
4020,171,172342,172342
4021,194,1619061,1619061
4022,32,3446060,3446060
4023,151,3355853,3355853
4024,48,5897756,5897756
4025,8,1523024,1523024
4026,38,4653591,4653591
4027,149,5835728,5835728
4028,91,2693705,2693705
4029,129,4057108,4057108
4030,130,9566961,9566961
4031,18,1662717,1662717
4032,149,234617,234617
4033,136,3640623,3640623
4034,184,3213634,3213634
4035,73,2881880,2881880
4036,194,9011487,9011487
4037,2,1655671,1655671
4038,55,8458992,8458992
4039,182,7964404,7964404
4040,94,9888165,9888165
4041,48,7376368,7376368
4042,173,1800606,1800606
4043,47,5952931,5952931
4044,98,7115080,7115080
4045,55,8627700,8627700
4046,59,6838023,6838023
4047,29,5272748,5272748
4048,32,7816533,7816533
4049,29,8719581,8719581
4050,35,8318412,8318412
4051,196,6060776,6060776
4052,181,4836389,4836389
4053,143,681298,681298
4054,22,5504863,5504863
4055,127,1941503,1941503
4056,99,4758210,4758210
4057,117,5234607,5234607
4058,176,7448343,7448343
4059,58,9293166,9293166
4060,105,4875279,4875279
4061,110,3167286,3167286
4062,18,7980532,7980532
4063,174,6164643,6164643
4064,46,214510,214510
4065,173,8248490,8248490
4066,173,1764491,1764491
4067,102,7349399,7349399
4068,134,1426162,1426162
4069,31,2405308,2405308
4070,102,6721360,6721360
4071,178,9907906,9907906
4072,27,2830705,2830705
4073,17,6102041,6102041
4074,51,5681296,5681296
4075,52,9981786,9981786
4076,104,2059607,2059607
4077,60,7125354,7125354
4078,186,8373678,8373678
4079,72,9762974,9762974
4080,152,4579723,4579723
4081,194,6714837,6714837
4082,92,7983040,7983040
4083,171,6785437,6785437
4084,125,8580111,8580111
4085,72,2472527,2472527
4086,197,7627505,7627505
4087,28,2050009,2050009
4088,65,8209786,8209786
4089,128,3872547,3872547
4090,161,2258353,2258353
4091,8,1671067,1671067
4092,189,886716,886716
4093,18,8357316,8357316
4094,174,448771,448771
4095,46,6419516,6419516
4096,155,5485409,5485409
4097,40,5079345,5079345
4098,160,1616210,1616210
4099,195,1283746,1283746
4100,170,8723295,8723295
4101,197,8257536,8257536
4102,120,3387852,3387852
4103,76,8353359,8353359
4104,126,8469050,8469050
4105,67,9100601,9100601
4106,88,9068571,9068571
4107,140,296459,296459
4108,196,530135,530135
4109,111,1998738,1998738
4110,99,7551685,7551685
4111,81,6313879,6313879
4112,114,7711752,7711752
4113,10,551295,551295
4114,46,9339314,9339314
4115,169,5084244,5084244
4116,181,2753883,2753883
4117,126,7225630,7225630
4118,35,5242203,5242203
4119,184,6527687,6527687
4120,125,1835125,1835125
4121,146,8230125,8230125
4122,169,9290952,9290952
4123,176,9049502,9049502
4124,147,7882244,7882244
4125,122,9433080,9433080
4126,41,8500764,8500764
4127,15,6566347,6566347
4128,68,8299539,8299539
4129,152,6338393,6338393
4130,158,5918393,5918393
4131,197,4772070,4772070
4132,83,1030523,1030523
4133,8,9906332,9906332
4134,12,2150806,2150806
4135,94,5853181,5853181
4136,190,9797340,9797340
4137,7,5725334,5725334
4138,98,1633262,1633262
4139,110,5790539,5790539
4140,92,6911031,6911031
4141,90,947061,947061
4142,170,4097480,4097480
4143,64,3936305,3936305
4144,166,5236161,5236161
4145,152,1425085,1425085
4146,177,1098911,1098911
4147,79,1920509,1920509
4148,87,2848423,2848423
4149,6,9033135,9033135
4150,84,627092,627092
4151,118,7087921,7087921
4152,146,8636236,8636236
4153,108,4473122,4473122
4154,6,7880256,7880256
4155,151,373065,373065
4156,82,6337385,6337385
4157,147,6548160,6548160
4158,83,9605604,9605604
4159,26,8193298,8193298
4160,26,3454568,3454568
4161,87,8333769,8333769
4162,129,5696526,5696526
4163,43,5025126,5025126
4164,94,7314717,7314717
4165,52,8337466,8337466
4166,163,1263679,1263679
4167,138,3591668,3591668
4168,74,4448564,4448564
4169,13,4988206,4988206
4170,147,6744899,6744899
4171,58,1542796,1542796
4172,184,9700473,9700473
4173,25,9929841,9929841
4174,87,4586302,4586302
4175,18,9503089,9503089
4176,136,7973680,7973680
4177,110,3518839,3518839
4178,89,1286168,1286168
4179,167,5064152,5064152
4180,130,5031638,5031638
4181,111,9058817,9058817
4182,81,3356734,3356734
4183,107,6749490,6749490
4184,65,8646460,8646460
4185,117,9186574,9186574
4186,47,312111,312111
4187,161,8660803,8660803
4188,48,9677824,9677824
4189,128,3572755,3572755
4190,170,7839914,7839914
4191,69,8937547,8937547
4192,158,7276689,7276689
4193,145,1004647,1004647
4194,134,3366315,3366315
4195,94,7759239,7759239
4196,38,4032805,4032805
4197,39,5037789,5037789
4198,112,6883025,6883025
4199,82,1080914,1080914
4200,163,3415137,3415137
4201,106,4478422,4478422
4202,74,2694157,2694157
4203,66,3961601,3961601
4204,104,4001087,4001087
4205,30,2515949,2515949
4206,50,464798,464798
4207,63,5210006,5210006
4208,119,8143364,8143364
4209,144,7317096,7317096
4210,109,620819,620819
4211,52,2673591,2673591
4212,70,2288926,2288926
4213,8,4335179,4335179
4214,72,9239315,9239315
4215,46,708541,708541
4216,185,8151075,8151075
4217,6,928237,928237
4218,22,5266448,5266448
4219,155,4999260,4999260
4220,17,6828441,6828441
4221,94,1515088,1515088
4222,102,2358208,2358208
4223,61,1877913,1877913
4224,147,8392777,8392777
4225,31,8756994,8756994
4226,171,9737827,9737827
4227,199,8812402,8812402
4228,65,8329067,8329067
4229,24,3994266,3994266
4230,154,2051464,2051464
4231,198,5258152,5258152
4232,85,9803367,9803367
4233,189,6542286,6542286
4234,192,3958384,3958384
4235,109,3657573,3657573
4236,37,1792041,1792041
4237,45,3592146,3592146
4238,71,7373173,7373173
4239,105,4266545,4266545
4240,151,938272,938272
4241,126,8950140,8950140
4242,96,1895176,1895176
4243,82,9156082,9156082
4244,109,7966730,7966730
4245,175,4133011,4133011
4246,72,2431212,2431212
4247,93,7972898,7972898
4248,184,6169641,6169641
4249,79,353566,353566
4250,166,584005,584005
4251,190,917249,917249
4252,177,4021093,4021093
4253,65,9273235,9273235
4254,99,5188664,5188664
4255,164,6087698,6087698
4256,176,2047722,2047722
4257,137,3965830,3965830
4258,114,6517462,6517462
4259,3,6593035,6593035
4260,66,5048065,5048065
4261,24,3950370,3950370
4262,77,3529699,3529699
4263,42,7362611,7362611
4264,162,5321470,5321470
4265,197,6816395,6816395
4266,9,4597569,4597569
4267,21,8249220,8249220
4268,121,6928341,6928341
4269,86,7086125,7086125
4270,26,2690114,2690114
4271,179,4378351,4378351
4272,130,1113457,1113457
4273,91,7061035,7061035
4274,155,9189346,9189346
4275,189,5482263,5482263
4276,117,458871,458871
4277,196,874073,874073
4278,165,3082639,3082639
4279,162,7439100,7439100
4280,165,2283248,2283248
4281,1,6721990,6721990
4282,52,5126237,5126237
4283,81,9660477,9660477
4284,22,1859388,1859388
4285,41,4187652,4187652
4286,133,2182597,2182597
4287,153,6883963,6883963
4288,82,7574743,7574743
4289,123,2239922,2239922
4290,67,2910495,2910495
4291,176,9949231,9949231
4292,84,4727774,4727774
4293,51,1415979,1415979
4294,107,6167297,6167297
4295,47,6601736,6601736
4296,97,9569565,9569565
4297,58,347869,347869
4298,6,9370578,9370578
4299,166,3837070,3837070
4300,23,7758202,7758202
4301,51,4391992,4391992
4302,180,2831255,2831255
4303,13,6728249,6728249
4304,159,7195804,7195804
4305,154,4364723,4364723
4306,39,1494200,1494200
4307,95,2854188,2854188
4308,146,1968815,1968815
4309,4,8822092,8822092
4310,112,7611954,7611954
4311,173,8290445,8290445
4312,31,3766215,3766215
4313,183,3408213,3408213
4314,49,4466142,4466142
4315,74,8290765,8290765
4316,98,2184382,2184382
4317,111,3466272,3466272
4318,154,3616607,3616607
4319,73,3176986,3176986
4320,108,3026104,3026104
4321,105,2448514,2448514
4322,8,4868629,4868629
4323,68,3950793,3950793
4324,159,7566133,7566133
4325,64,6201492,6201492
4326,150,7686718,7686718
4327,22,173144,173144
4328,121,2234807,2234807
4329,83,6669861,6669861
4330,176,3560421,3560421
4331,183,6433986,6433986
4332,182,7101643,7101643
4333,189,4298752,4298752
4334,19,1598523,1598523
4335,143,985700,985700
4336,14,5584506,5584506
4337,61,7900934,7900934
4338,91,763562,763562
4339,2,4255656,4255656
4340,130,6391073,6391073
4341,78,6621913,6621913
4342,172,6222689,6222689
4343,34,9387865,9387865
4344,11,9738954,9738954
4345,46,4366969,4366969
4346,44,8451467,8451467
4347,127,5690441,5690441
4348,120,2213242,2213242
4349,23,5323702,5323702
4350,182,8899034,8899034
4351,111,2378937,2378937
4352,67,1960284,1960284
4353,81,740918,740918
4354,33,8375364,8375364
4355,72,6049733,6049733
4356,111,4746702,4746702
4357,68,4425123,4425123
4358,133,5251441,5251441
4359,112,2767969,2767969
4360,81,8242223,8242223
4361,196,2537801,2537801
4362,143,7381800,7381800
4363,14,3169550,3169550
4364,39,915485,915485
4365,59,3072601,3072601
4366,10,7889444,7889444
4367,67,2743996,2743996
4368,181,7837188,7837188
4369,112,1946560,1946560
4370,127,684371,684371
4371,114,5981414,5981414
4372,182,9409577,9409577
4373,125,7679933,7679933
4374,127,1887283,1887283
4375,185,2483929,2483929
4376,32,5865386,5865386
4377,24,3418084,3418084
4378,73,3030887,3030887
4379,44,8535203,8535203
4380,70,9449723,9449723
4381,170,9826036,9826036
4382,55,9790300,9790300
4383,2,8825074,8825074
4384,197,9576230,9576230
4385,47,6986351,6986351
4386,20,4129836,4129836
4387,197,8356912,8356912
4388,174,1582179,1582179
4389,85,435572,435572
4390,73,2046668,2046668
4391,101,6267268,6267268
4392,152,1779557,1779557
4393,83,2579924,2579924
4394,8,1360015,1360015
4395,118,8050632,8050632
4396,117,4518413,4518413
4397,153,97397,97397
4398,85,735630,735630
4399,168,7601790,7601790
4400,84,9548894,9548894
4401,34,3546147,3546147
4402,13,4747180,4747180
4403,83,931723,931723
4404,191,1186553,1186553
4405,141,6398678,6398678
4406,24,6691735,6691735
4407,66,2986525,2986525
4408,62,6692721,6692721
4409,23,344134,344134
4410,54,2733691,2733691
4411,100,6751088,6751088
4412,73,2585950,2585950
4413,31,5008781,5008781
4414,126,7253770,7253770
4415,189,5202636,5202636
4416,176,2202624,2202624
4417,92,1612483,1612483
4418,95,8600893,8600893
4419,52,8214511,8214511
4420,115,6511061,6511061
4421,122,4504336,4504336
4422,145,7097946,7097946
4423,24,7088983,7088983
4424,95,3126532,3126532
4425,112,7147380,7147380
4426,24,678438,678438
4427,132,5733527,5733527
4428,119,3761958,3761958
4429,166,2601637,2601637
4430,127,8846268,8846268
4431,162,8802632,8802632
4432,22,4877187,4877187
4433,120,7337608,7337608
4434,21,8012989,8012989
4435,77,2493203,2493203
4436,33,5040020,5040020
4437,64,8776028,8776028
4438,110,4957359,4957359
4439,146,800747,800747
4440,142,1284002,1284002
4441,12,8613666,8613666
4442,28,8567311,8567311
4443,109,6929315,6929315
4444,25,7795642,7795642
4445,170,9537481,9537481
4446,65,5963589,5963589
4447,66,9824198,9824198
4448,21,8446398,8446398
4449,5,1911520,1911520
4450,190,7765820,7765820
4451,46,3056945,3056945
4452,101,759315,759315
4453,22,6983542,6983542
4454,181,4993696,4993696
4455,81,9851721,9851721
4456,186,7633602,7633602
4457,194,7548873,7548873
4458,160,4447210,4447210
4459,88,3140556,3140556
4460,55,3105251,3105251
4461,21,4350628,4350628
4462,173,1783932,1783932
4463,112,8965341,8965341
4464,5,98097,98097
4465,102,1957536,1957536
4466,4,2881241,2881241
4467,168,8004743,8004743
4468,118,6796309,6796309
4469,169,8165848,8165848
4470,78,6052024,6052024
4471,177,6626953,6626953
4472,78,1470273,1470273
4473,33,2266835,2266835
4474,4,3201127,3201127
4475,29,266510,266510
4476,179,3157826,3157826
4477,7,3510288,3510288
4478,124,2435283,2435283
4479,167,4056398,4056398
4480,112,9035915,9035915
4481,49,1444410,1444410
4482,78,7774990,7774990
4483,38,7952217,7952217
4484,109,366025,366025
4485,30,2786787,2786787
4486,40,7470322,7470322
4487,125,7910276,7910276
4488,6,7541631,7541631
4489,150,4070650,4070650
4490,52,4946450,4946450
4491,146,6572195,6572195
4492,14,5601074,5601074
4493,3,1722408,1722408
4494,162,7244199,7244199
4495,107,8316519,8316519
4496,189,9708325,9708325
4497,153,9299686,9299686
4498,75,621045,621045
4499,125,6705523,6705523
4500,125,8612679,8612679
4501,152,8185628,8185628
4502,60,1018455,1018455
4503,136,319096,319096
4504,109,9670443,9670443
4505,81,9282090,9282090
4506,17,4493758,4493758
4507,166,6998405,6998405
4508,122,1961940,1961940
4509,127,5817736,5817736
4510,115,7318725,7318725
4511,6,2706725,2706725
4512,74,3224602,3224602
4513,121,5768801,5768801
4514,113,3894044,3894044
4515,130,3685993,3685993
4516,151,5690043,5690043
4517,155,7859576,7859576
4518,34,4922335,4922335
4519,186,6549342,6549342
4520,107,6044085,6044085
4521,121,2718341,2718341
4522,160,3476383,3476383
4523,73,1446060,1446060
4524,171,8101545,8101545
4525,34,2907342,2907342
4526,52,2622515,2622515
4527,156,8257506,8257506
4528,26,6979059,6979059
4529,127,5094433,5094433
4530,61,3513701,3513701
4531,143,789356,789356
4532,5,6019442,6019442
4533,67,5990202,5990202
4534,174,2660958,2660958
4535,45,8446974,8446974
4536,9,1068131,1068131
4537,87,7224612,7224612
4538,30,3803231,3803231
4539,31,9428484,9428484
4540,58,8159855,8159855
4541,67,5709692,5709692
4542,91,783099,783099
4543,198,9345284,9345284
4544,69,2536352,2536352
4545,177,8646766,8646766
4546,155,1747213,1747213
4547,181,845941,845941
4548,113,7669463,7669463
4549,194,1861110,1861110
4550,28,1709062,1709062
4551,144,704130,704130
4552,130,1768504,1768504
4553,43,1980707,1980707
4554,53,6067286,6067286
4555,41,4901010,4901010
4556,182,7407441,7407441
4557,196,8487536,8487536
4558,128,1665880,1665880
4559,40,6102492,6102492
4560,86,2311438,2311438
4561,32,3387157,3387157
4562,113,6975124,6975124
4563,197,110521,110521
4564,63,7946752,7946752
4565,88,4811005,4811005
4566,130,2873296,2873296
4567,22,4463001,4463001
4568,96,6962689,6962689
4569,93,4117989,4117989
4570,39,8886057,8886057
4571,108,3828258,3828258
4572,36,7194453,7194453
4573,106,6867070,6867070
4574,118,8659648,8659648
4575,175,6069566,6069566
4576,8,7425238,7425238
4577,38,166911,166911
4578,184,8679670,8679670
4579,18,1422342,1422342
4580,87,5281544,5281544
4581,103,2756910,2756910
4582,112,1031267,1031267
4583,101,622329,622329
4584,170,2532555,2532555
4585,148,969887,969887
4586,162,8720433,8720433
4587,76,7034775,7034775
4588,103,9288041,9288041
4589,78,5262932,5262932
4590,89,132577,132577
4591,72,8854875,8854875
4592,157,2463932,2463932
4593,180,6776956,6776956
4594,115,3441570,3441570
4595,140,7417942,7417942
4596,179,5792344,5792344
4597,167,6786479,6786479
4598,199,3310073,3310073
4599,78,1413999,1413999
4600,10,9016637,9016637
4601,86,6543005,6543005
4602,186,2114023,2114023
4603,134,9072954,9072954
4604,73,3585870,3585870
4605,24,8584425,8584425
4606,142,5238726,5238726
4607,134,5716146,5716146
4608,194,2684813,2684813
4609,6,467937,467937
4610,139,9940560,9940560
4611,67,4049009,4049009
4612,199,5099302,5099302
4613,186,7092498,7092498
4614,130,1852907,1852907
4615,188,1005722,1005722
4616,96,4357990,4357990
4617,161,8514426,8514426
4618,91,2077237,2077237
4619,13,2092954,2092954
4620,115,4998957,4998957
4621,147,87466,87466
4622,117,5687145,5687145
4623,61,9757525,9757525
4624,145,8947098,8947098
4625,153,3923148,3923148
4626,90,5019770,5019770
4627,73,9609414,9609414
4628,173,2348331,2348331
4629,183,6336179,6336179
4630,134,4154597,4154597
4631,27,5500359,5500359
4632,133,9770531,9770531
4633,50,6061063,6061063
4634,117,1643963,1643963
4635,38,7141928,7141928
4636,106,1374845,1374845
4637,24,1043436,1043436
4638,109,2182100,2182100
4639,122,3603484,3603484
4640,115,1309842,1309842
4641,95,8829103,8829103
4642,104,9869020,9869020
4643,144,8706452,8706452
4644,200,6623350,6623350
4645,68,9802990,9802990
4646,128,7103845,7103845
4647,113,8213136,8213136
4648,188,6994796,6994796
4649,42,2421727,2421727
4650,130,2132786,2132786
4651,125,7679146,7679146
4652,34,8609823,8609823
4653,136,1980687,1980687
4654,178,3567549,3567549
4655,117,7941588,7941588
4656,9,2631333,2631333
4657,144,6196363,6196363
4658,31,6855503,6855503
4659,29,2027802,2027802
4660,95,9592620,9592620
4661,75,675822,675822
4662,134,2572022,2572022
4663,31,6232188,6232188
4664,79,6282392,6282392
4665,78,4932187,4932187
4666,125,469389,469389
4667,37,2384710,2384710
4668,151,7075907,7075907
4669,13,5119801,5119801
4670,73,3616856,3616856
4671,47,8200596,8200596
4672,1,2052321,2052321
4673,141,5849358,5849358
4674,18,749647,749647
4675,107,8072800,8072800
4676,147,5195935,5195935
4677,145,7589583,7589583
4678,87,6330138,6330138
4679,122,2228175,2228175
4680,196,2324018,2324018
4681,130,7733225,7733225
4682,195,7548562,7548562
4683,171,7534223,7534223
4684,39,5456223,5456223
4685,23,6872422,6872422
4686,100,3906109,3906109
4687,102,5687440,5687440
4688,139,768727,768727
4689,172,7433920,7433920
4690,189,4653581,4653581
4691,166,1485285,1485285
4692,43,416143,416143
4693,147,5181610,5181610
4694,144,2076710,2076710
4695,165,9384383,9384383
4696,22,3228384,3228384
4697,159,9090471,9090471
4698,148,887084,887084
4699,146,8753576,8753576
4700,49,7983198,7983198
4701,129,313131,313131
4702,31,8923120,8923120
4703,47,318323,318323
4704,71,3452834,3452834
4705,63,9723281,9723281
4706,114,1420156,1420156
4707,137,5375942,5375942
4708,103,9879985,9879985
4709,12,8245549,8245549
4710,6,5703524,5703524
4711,112,3028421,3028421
4712,107,403608,403608
4713,136,5324793,5324793
4714,98,4314727,4314727
4715,24,1923417,1923417
4716,26,9089547,9089547
4717,44,4787407,4787407
4718,37,3064676,3064676
4719,66,1503717,1503717
4720,40,5147152,5147152
4721,105,2838554,2838554
4722,16,5457472,5457472
4723,47,455856,455856
4724,183,981497,981497
4725,77,6542102,6542102
4726,26,5369404,5369404
4727,37,6926017,6926017
4728,83,4327419,4327419
4729,97,2029477,2029477
4730,14,3398383,3398383
4731,62,9831936,9831936
4732,61,8270822,8270822
4733,131,8462784,8462784
4734,99,1930745,1930745
4735,69,1017235,1017235
4736,82,7798444,7798444
4737,142,6829609,6829609
4738,17,8123050,8123050
4739,8,6836611,6836611
4740,163,3921514,3921514
4741,5,4515751,4515751
4742,142,9834345,9834345
4743,173,1703045,1703045
4744,64,9306446,9306446
4745,167,2106737,2106737
4746,78,9533579,9533579
4747,105,7482340,7482340
4748,22,8395862,8395862
4749,53,2388522,2388522
4750,96,9067074,9067074
4751,44,4113127,4113127
4752,138,7109386,7109386
4753,143,7578973,7578973
4754,11,16794,16794
4755,119,4852800,4852800
4756,168,2808198,2808198
4757,1,1009569,1009569
4758,124,4585262,4585262
4759,154,4209218,4209218
4760,175,6377917,6377917
4761,90,3569422,3569422
4762,150,8561890,8561890
4763,73,763107,763107
4764,42,8960531,8960531
4765,145,1173318,1173318
4766,77,1505169,1505169
4767,102,2063211,2063211
4768,36,9336169,9336169
4769,72,7247127,7247127
4770,54,8469478,8469478
4771,82,5748465,5748465
4772,163,4384902,4384902
4773,193,7595349,7595349
4774,70,4125991,4125991
4775,170,5396194,5396194
4776,88,3533682,3533682
4777,118,5510598,5510598
4778,5,2243545,2243545
4779,166,34351,34351
4780,156,7994829,7994829
4781,2,160702,160702
4782,173,2911451,2911451
4783,106,9324619,9324619
4784,179,8203667,8203667
4785,196,6589940,6589940
4786,138,1361450,1361450
4787,167,1300622,1300622
4788,138,519213,519213
4789,172,7468826,7468826
4790,173,2070570,2070570
4791,91,6314548,6314548
4792,154,6005668,6005668
4793,100,2972698,2972698
4794,197,141455,141455
4795,32,7762692,7762692
4796,95,3237849,3237849
4797,114,157090,157090
4798,57,331881,331881
4799,195,4716653,4716653
4800,175,6003240,6003240
4801,50,1509387,1509387
4802,158,5086491,5086491
4803,184,3710242,3710242
4804,60,8284734,8284734
4805,93,617335,617335
4806,72,8268447,8268447
4807,181,3507886,3507886
4808,2,3289790,3289790
4809,164,6645223,6645223
4810,29,4653119,4653119
4811,146,8394071,8394071
4812,127,2860131,2860131
4813,142,3250925,3250925
4814,169,9490989,9490989
4815,173,9481479,9481479
4816,45,1096569,1096569
4817,151,2151617,2151617
4818,191,1091346,1091346
4819,33,4355775,4355775
4820,146,3824620,3824620
4821,134,4602459,4602459
4822,50,387847,387847
4823,178,8941274,8941274
4824,158,4243311,4243311
4825,175,9397186,9397186
4826,117,32798,32798
4827,110,870113,870113
4828,83,7256954,7256954
4829,105,4597554,4597554
4830,32,8695551,8695551
4831,120,8314364,8314364
4832,93,8678130,8678130
4833,195,729216,729216
4834,185,3767293,3767293
4835,13,4662942,4662942
4836,108,8932362,8932362
4837,115,5305659,5305659
4838,2,6574301,6574301
4839,50,5615431,5615431
4840,21,9593541,9593541
4841,7,3785409,3785409
4842,177,7110523,7110523
4843,20,4194038,4194038
4844,51,2759542,2759542
4845,85,5214457,5214457
4846,17,1622794,1622794
4847,8,8052500,8052500
4848,111,403047,403047
4849,152,5608665,5608665
4850,65,4146548,4146548
4851,28,7945295,7945295
4852,62,5717708,5717708
4853,14,5596685,5596685
4854,134,3971899,3971899
4855,19,7357303,7357303
4856,196,1605088,1605088
4857,161,7490291,7490291
4858,149,2094239,2094239
4859,22,1018157,1018157
4860,9,6331639,6331639
4861,81,1090992,1090992
4862,33,1040224,1040224
4863,114,919204,919204
4864,78,7245056,7245056
4865,17,1708383,1708383
4866,174,936000,936000
4867,144,875823,875823
4868,76,6399761,6399761
4869,103,1607764,1607764
4870,159,6897247,6897247
4871,60,177948,177948
4872,117,6441109,6441109
4873,119,7182422,7182422
4874,159,1699161,1699161
4875,87,435739,435739
4876,117,8677392,8677392
4877,85,9861871,9861871
4878,50,1812049,1812049
4879,27,206168,206168
4880,153,1133208,1133208
4881,152,3248312,3248312
4882,147,2113620,2113620
4883,164,8537891,8537891
4884,66,5962475,5962475
4885,108,8076540,8076540
4886,186,7459558,7459558
4887,48,4079421,4079421
4888,36,739385,739385
4889,16,2142127,2142127
4890,80,9806656,9806656
4891,112,8608821,8608821
4892,167,6001942,6001942
4893,80,9792289,9792289
4894,139,2443176,2443176
4895,38,7877301,7877301
4896,80,5752912,5752912
4897,75,6187940,6187940
4898,3,8685239,8685239
4899,151,2425991,2425991
4900,15,3982698,3982698
4901,130,9386012,9386012
4902,14,7081010,7081010
4903,89,3278387,3278387
4904,52,3376603,3376603
4905,18,5730290,5730290
4906,49,7981342,7981342
4907,178,7841710,7841710
4908,154,5555698,5555698
4909,149,9497530,9497530
4910,86,5026983,5026983
4911,108,5513312,5513312
4912,42,1759055,1759055
4913,117,707866,707866
4914,127,3681019,3681019
4915,1,3741740,3741740
4916,178,3863356,3863356
4917,120,3575870,3575870
4918,62,8065582,8065582
4919,189,5561900,5561900
4920,190,6306753,6306753
4921,53,6716130,6716130
4922,48,112833,112833
4923,93,165961,165961
4924,19,6004341,6004341
4925,8,9306180,9306180
4926,30,2389108,2389108
4927,75,7388822,7388822
4928,50,9826187,9826187
4929,196,6038275,6038275
4930,12,498041,498041
4931,51,3318952,3318952
4932,73,2921695,2921695
4933,57,4395611,4395611
4934,185,2924009,2924009
4935,87,9303049,9303049
4936,63,2995428,2995428
4937,51,360576,360576
4938,46,4392083,4392083
4939,26,352216,352216
4940,174,2302564,2302564
4941,98,1861751,1861751
4942,87,3527197,3527197
4943,79,7653827,7653827
4944,62,6201541,6201541
4945,96,2874940,2874940
4946,135,7276581,7276581
4947,183,1096852,1096852
4948,31,2423170,2423170
4949,34,3181650,3181650
4950,50,8934785,8934785
4951,97,6278962,6278962
4952,82,7206488,7206488
4953,163,4102862,4102862
4954,12,9853693,9853693
4955,49,8983668,8983668
4956,76,2492539,2492539
4957,84,4146852,4146852
4958,14,4698850,4698850
4959,33,8527346,8527346
4960,150,8203901,8203901
4961,54,1365794,1365794
4962,121,1088389,1088389
4963,43,8533123,8533123
4964,100,8542262,8542262
4965,96,8364914,8364914
4966,133,7789112,7789112
4967,46,5399296,5399296
4968,183,6272644,6272644
4969,135,8108379,8108379
4970,184,8301232,8301232
4971,122,4501921,4501921
4972,149,6726758,6726758
4973,164,9797602,9797602
4974,167,614121,614121
4975,54,3683039,3683039
4976,52,7584644,7584644
4977,61,6642099,6642099
4978,56,5133811,5133811
4979,109,6326402,6326402
4980,147,2637534,2637534
4981,96,4270292,4270292
4982,141,1422018,1422018
4983,35,1409758,1409758
4984,76,7457561,7457561
4985,133,5898448,5898448
4986,59,9797260,9797260
4987,11,7805651,7805651
4988,132,5643418,5643418
4989,110,7569061,7569061
4990,120,7256240,7256240
4991,105,6165827,6165827
4992,128,5318720,5318720
4993,70,6415119,6415119
4994,7,3012613,3012613
4995,114,3922352,3922352
4996,68,1273196,1273196
4997,92,1382753,1382753
4998,76,8418218,8418218
4999,132,9171296,9171296
5000,165,1311290,1311290
